level_0,index,Gene,Individual,Usage,UsageType,Genotype,Position,State
1,28,IGHV1-17*01,14037,0.191609977324,memory,"14:C/C,102:A/A,110:C/C,131:G/G,140:C/C,143:C/C,147:G/G,148:G/G,171:G/G,172:G/G",111.0,C/C
10,29,IGHV1-17*01,14037,0.204123161898,background,"14:C/C,102:A/A,110:C/C,131:G/G,140:C/C,143:C/C,147:G/G,148:G/G,171:G/G,172:G/G",111.0,C/C
19,30,IGHV1-17*01,14037,0.186841404886,stimulated,"14:C/C,102:A/A,110:C/C,131:G/G,140:C/C,143:C/C,147:G/G,148:G/G,171:G/G,172:G/G",111.0,C/C
41,48,IGHV1-17*01,14105,0.22550177095600002,memory,"14:C/C,102:A/A,110:C/C,131:G/G,140:C/C,143:C/C,147:G/G,148:G/G,171:G/G,172:G/G",111.0,C/C
50,49,IGHV1-17*01,14105,0.215900092817,background,"14:C/C,102:A/A,110:C/C,131:G/G,140:C/C,143:C/C,147:G/G,148:G/G,171:G/G,172:G/G",111.0,C/C
59,50,IGHV1-17*01,14105,0.199095581006,stimulated,"14:C/C,102:A/A,110:C/C,131:G/G,140:C/C,143:C/C,147:G/G,148:G/G,171:G/G,172:G/G",111.0,C/C
77,44,IGHV1-17*01,14361,0.161929371232,memory,"14:C/C,102:A/A,110:C/C,131:G/G,140:C/C,143:C/C,147:G/G,148:G/G,171:G/G,172:G/G",111.0,C/C
86,45,IGHV1-17*01,14361,0.18994735071199997,background,"14:C/C,102:A/A,110:C/C,131:G/G,140:C/C,143:C/C,147:G/G,148:G/G,171:G/G,172:G/G",111.0,C/C
95,46,IGHV1-17*01,14361,0.17817361957800001,stimulated,"14:C/C,102:A/A,110:C/C,131:G/G,140:C/C,143:C/C,147:G/G,148:G/G,171:G/G,172:G/G",111.0,C/C
113,32,IGHV1-17*01,14411,0.20731707317099998,memory,"14:C/C,102:A/A,110:C/C,131:G/G,140:C/G,143:C/T,147:G/G,148:A/G,171:G/G,172:G/G",111.0,C/C
122,33,IGHV1-17*01,14411,0.219839115581,background,"14:C/C,102:A/A,110:C/C,131:G/G,140:C/G,143:C/T,147:G/G,148:A/G,171:G/G,172:G/G",111.0,C/C
131,34,IGHV1-17*01,14411,0.20697466911200002,stimulated,"14:C/C,102:A/A,110:C/C,131:G/G,140:C/G,143:C/T,147:G/G,148:A/G,171:G/G,172:G/G",111.0,C/C
149,48,IGHV1-17*01,14253,0.101935483871,memory,"14:C/C,102:A/A,110:C/C,131:G/G,140:C/C,143:C/C,147:G/G,148:A/G,171:G/G,172:G/G",111.0,C/C
158,49,IGHV1-17*01,14253,0.10217067917199998,background,"14:C/C,102:A/A,110:C/C,131:G/G,140:C/C,143:C/C,147:G/G,148:A/G,171:G/G,172:G/G",111.0,C/C
167,50,IGHV1-17*01,14253,0.09951478107619999,stimulated,"14:C/C,102:A/A,110:C/C,131:G/G,140:C/C,143:C/C,147:G/G,148:A/G,171:G/G,172:G/G",111.0,C/C
189,28,IGHV1-17*01,14101,0.09232365145230001,memory,"14:C/C,102:A/A,110:A/A,131:G/G,140:G/G,143:T/T,147:G/G,148:A/A,171:G/G,172:G/G",111.0,A/A
198,29,IGHV1-17*01,14101,0.109666024406,background,"14:C/C,102:A/A,110:A/A,131:G/G,140:G/G,143:T/T,147:G/G,148:A/A,171:G/G,172:G/G",111.0,A/A
207,30,IGHV1-17*01,14101,0.105207237398,stimulated,"14:C/C,102:A/A,110:A/A,131:G/G,140:G/G,143:T/T,147:G/G,148:A/A,171:G/G,172:G/G",111.0,A/A
225,32,IGHV1-17*01,14365,0.21465968586399997,memory,"14:C/C,102:A/A,110:C/C,131:G/G,140:C/C,143:C/C,147:G/G,148:G/G,171:G/G,172:G/G",111.0,C/C
234,33,IGHV1-17*01,14365,0.199253154938,background,"14:C/C,102:A/A,110:C/C,131:G/G,140:C/C,143:C/C,147:G/G,148:G/G,171:G/G,172:G/G",111.0,C/C
243,34,IGHV1-17*01,14365,0.225830738536,stimulated,"14:C/C,102:A/A,110:C/C,131:G/G,140:C/C,143:C/C,147:G/G,148:G/G,171:G/G,172:G/G",111.0,C/C
261,32,IGHV1-17*01,14239,0.0639063906391,memory,"14:C/C,102:A/A,110:A/A,131:G/G,140:G/G,143:T/T,147:G/G,148:A/A,171:G/G,172:G/G",111.0,A/A
270,33,IGHV1-17*01,14239,0.074614703775,background,"14:C/C,102:A/A,110:A/A,131:G/G,140:G/G,143:T/T,147:G/G,148:A/A,171:G/G,172:G/G",111.0,A/A
279,34,IGHV1-17*01,14239,0.0768314981974,stimulated,"14:C/C,102:A/A,110:A/A,131:G/G,140:G/G,143:T/T,147:G/G,148:A/A,171:G/G,172:G/G",111.0,A/A
301,32,IGHV1-17*01,14163,0.225806451613,memory,"14:C/C,102:A/A,110:C/C,131:G/G,140:C/C,143:C/C,147:G/G,148:G/G,171:G/G,172:G/G",111.0,C/C
310,33,IGHV1-17*01,14163,0.25087509854699996,background,"14:C/C,102:A/A,110:C/C,131:G/G,140:C/C,143:C/C,147:G/G,148:G/G,171:G/G,172:G/G",111.0,C/C
319,34,IGHV1-17*01,14163,0.249760617817,stimulated,"14:C/C,102:A/A,110:C/C,131:G/G,140:C/C,143:C/C,147:G/G,148:G/G,171:G/G,172:G/G",111.0,C/C
337,52,IGHV1-17*01,14051,0.214592274678,memory,"14:C/C,102:A/A,110:C/C,131:G/G,140:C/C,143:C/C,147:G/G,148:G/G,171:G/G,172:G/G",111.0,C/C
346,53,IGHV1-17*01,14051,0.245714403281,background,"14:C/C,102:A/A,110:C/C,131:G/G,140:C/C,143:C/C,147:G/G,148:G/G,171:G/G,172:G/G",111.0,C/C
355,54,IGHV1-17*01,14051,0.23005773477699998,stimulated,"14:C/C,102:A/A,110:C/C,131:G/G,140:C/C,143:C/C,147:G/G,148:G/G,171:G/G,172:G/G",111.0,C/C
373,32,IGHV1-17*01,14235,0.0874001774623,memory,"14:C/C,102:A/A,110:A/A,131:G/G,140:G/G,143:T/T,147:G/G,148:A/A,171:G/G,172:G/G",111.0,A/A
382,33,IGHV1-17*01,14235,0.116809813502,background,"14:C/C,102:A/A,110:A/A,131:G/G,140:G/G,143:T/T,147:G/G,148:A/A,171:G/G,172:G/G",111.0,A/A
391,34,IGHV1-17*01,14235,0.0957881237098,stimulated,"14:C/C,102:A/A,110:A/A,131:G/G,140:G/G,143:T/T,147:G/G,148:A/A,171:G/G,172:G/G",111.0,A/A
409,44,IGHV1-17*01,14477,0.15899919289699999,memory,"14:C/C,102:A/A,110:C/C,131:G/G,140:C/G,143:C/T,147:G/G,148:A/G,171:G/G,172:G/G",111.0,C/C
418,45,IGHV1-17*01,14477,0.187143844041,background,"14:C/C,102:A/A,110:C/C,131:G/G,140:C/G,143:C/T,147:G/G,148:A/G,171:G/G,172:G/G",111.0,C/C
427,46,IGHV1-17*01,14477,0.194415265891,stimulated,"14:C/C,102:A/A,110:C/C,131:G/G,140:C/G,143:C/T,147:G/G,148:A/G,171:G/G,172:G/G",111.0,C/C
449,48,IGHV1-17*01,14383,0.210687022901,memory,"14:C/C,102:A/A,110:C/C,131:G/G,140:C/C,143:C/C,147:G/G,148:G/G,171:G/G,172:G/G",111.0,C/C
458,49,IGHV1-17*01,14383,0.203795470396,background,"14:C/C,102:A/A,110:C/C,131:G/G,140:C/C,143:C/C,147:G/G,148:G/G,171:G/G,172:G/G",111.0,C/C
467,50,IGHV1-17*01,14383,0.208110348178,stimulated,"14:C/C,102:A/A,110:C/C,131:G/G,140:C/C,143:C/C,147:G/G,148:G/G,171:G/G,172:G/G",111.0,C/C
485,32,IGHV1-17*01,14369,0.19684447783599998,memory,"14:C/C,102:A/A,110:C/C,131:G/G,140:C/C,143:C/C,147:G/G,148:G/G,171:G/G,172:G/G",111.0,C/C
494,33,IGHV1-17*01,14369,0.218538246678,background,"14:C/C,102:A/A,110:C/C,131:G/G,140:C/C,143:C/C,147:G/G,148:G/G,171:G/G,172:G/G",111.0,C/C
503,34,IGHV1-17*01,14369,0.214623036081,stimulated,"14:C/C,102:A/A,110:C/C,131:G/G,140:C/C,143:C/C,147:G/G,148:G/G,171:G/G,172:G/G",111.0,C/C
521,32,IGHV1-17*01,14307,0.173152601662,memory,"14:C/C,102:A/A,110:C/C,131:G/G,140:C/C,143:C/C,147:G/G,148:G/G,171:G/G,172:G/G",111.0,C/C
530,33,IGHV1-17*01,14307,0.18646874641199998,background,"14:C/C,102:A/A,110:C/C,131:G/G,140:C/C,143:C/C,147:G/G,148:G/G,171:G/G,172:G/G",111.0,C/C
539,34,IGHV1-17*01,14307,0.18851770446199997,stimulated,"14:C/C,102:A/A,110:C/C,131:G/G,140:C/C,143:C/C,147:G/G,148:G/G,171:G/G,172:G/G",111.0,C/C
557,48,IGHV1-17*01,14167,0.190604026846,memory,"14:C/C,102:A/A,110:C/C,131:G/G,140:C/C,143:C/C,147:G/G,148:G/G,171:G/G,172:G/G",111.0,C/C
566,49,IGHV1-17*01,14167,0.22549267487500002,background,"14:C/C,102:A/A,110:C/C,131:G/G,140:C/C,143:C/C,147:G/G,148:G/G,171:G/G,172:G/G",111.0,C/C
575,50,IGHV1-17*01,14167,0.225393451985,stimulated,"14:C/C,102:A/A,110:C/C,131:G/G,140:C/C,143:C/C,147:G/G,148:G/G,171:G/G,172:G/G",111.0,C/C
597,48,IGHV1-17*01,14055,0.172294968987,memory,"14:C/C,102:A/A,110:C/C,131:G/G,140:C/C,143:C/C,147:G/G,148:G/G,171:G/G,172:G/G",111.0,C/C
606,49,IGHV1-17*01,14055,0.185055957481,background,"14:C/C,102:A/A,110:C/C,131:G/G,140:C/C,143:C/C,147:G/G,148:G/G,171:G/G,172:G/G",111.0,C/C
615,50,IGHV1-17*01,14055,0.182765827489,stimulated,"14:C/C,102:A/A,110:C/C,131:G/G,140:C/C,143:C/C,147:G/G,148:G/G,171:G/G,172:G/G",111.0,C/C
633,28,IGHV1-17*01,14387,0.24618621778000002,memory,"14:C/C,102:A/A,110:C/C,131:G/G,140:C/C,143:C/C,147:G/G,148:G/G,171:G/G,172:G/G",111.0,C/C
642,29,IGHV1-17*01,14387,0.235648057498,background,"14:C/C,102:A/A,110:C/C,131:G/G,140:C/C,143:C/C,147:G/G,148:G/G,171:G/G,172:G/G",111.0,C/C
651,30,IGHV1-17*01,14387,0.24385857716200002,stimulated,"14:C/C,102:A/A,110:C/C,131:G/G,140:C/C,143:C/C,147:G/G,148:G/G,171:G/G,172:G/G",111.0,C/C
677,112,IGHV1-17*01,14373,0.244103773585,memory,"14:C/C,102:A/A,110:C/C,131:G/G,140:C/C,143:C/C,147:G/G,148:G/G,171:G/G,172:G/G",111.0,C/C
686,113,IGHV1-17*01,14373,0.247470183442,background,"14:C/C,102:A/A,110:C/C,131:G/G,140:C/C,143:C/C,147:G/G,148:G/G,171:G/G,172:G/G",111.0,C/C
695,114,IGHV1-17*01,14373,0.249677745688,stimulated,"14:C/C,102:A/A,110:C/C,131:G/G,140:C/C,143:C/C,147:G/G,148:G/G,171:G/G,172:G/G",111.0,C/C
713,48,IGHV1-17*01,14241,0.22764227642299997,memory,"14:C/C,102:A/A,110:C/C,131:G/G,140:C/C,143:C/C,147:G/G,148:A/G,171:G/G,172:G/G",111.0,C/C
722,49,IGHV1-17*01,14241,0.216163728465,background,"14:C/C,102:A/A,110:C/C,131:G/G,140:C/C,143:C/C,147:G/G,148:A/G,171:G/G,172:G/G",111.0,C/C
731,50,IGHV1-17*01,14241,0.198730559784,stimulated,"14:C/C,102:A/A,110:C/C,131:G/G,140:C/C,143:C/C,147:G/G,148:A/G,171:G/G,172:G/G",111.0,C/C
753,32,IGHV1-17*01,14403,0.235294117647,memory,"14:C/C,102:A/A,110:C/C,131:G/G,140:C/C,143:C/C,147:G/G,148:G/G,171:G/G,172:G/G",111.0,C/C
762,33,IGHV1-17*01,14403,0.232068416488,background,"14:C/C,102:A/A,110:C/C,131:G/G,140:C/C,143:C/C,147:G/G,148:G/G,171:G/G,172:G/G",111.0,C/C
771,34,IGHV1-17*01,14403,0.239436165088,stimulated,"14:C/C,102:A/A,110:C/C,131:G/G,140:C/C,143:C/C,147:G/G,148:G/G,171:G/G,172:G/G",111.0,C/C
789,32,IGHV1-17*01,14193,0.111298482293,memory,"14:C/C,102:A/A,110:A/A,131:G/G,140:G/G,143:T/T,147:G/G,148:A/A,171:G/G,172:G/G",111.0,A/A
798,33,IGHV1-17*01,14193,0.103378742435,background,"14:C/C,102:A/A,110:A/A,131:G/G,140:G/G,143:T/T,147:G/G,148:A/A,171:G/G,172:G/G",111.0,A/A
807,34,IGHV1-17*01,14193,0.103844105362,stimulated,"14:C/C,102:A/A,110:A/A,131:G/G,140:G/G,143:T/T,147:G/G,148:A/A,171:G/G,172:G/G",111.0,A/A
825,28,IGHV1-17*01,14117,0.229190421893,memory,"14:C/C,102:A/A,110:C/C,131:G/G,140:C/C,143:C/C,147:G/G,148:G/G,171:G/G,172:G/G",111.0,C/C
834,29,IGHV1-17*01,14117,0.252300921484,background,"14:C/C,102:A/A,110:C/C,131:G/G,140:C/C,143:C/C,147:G/G,148:G/G,171:G/G,172:G/G",111.0,C/C
843,30,IGHV1-17*01,14117,0.251046788774,stimulated,"14:C/C,102:A/A,110:C/C,131:G/G,140:C/C,143:C/C,147:G/G,148:G/G,171:G/G,172:G/G",111.0,C/C
869,32,IGHV1-17*01,14319,0.175808720113,memory,"14:C/C,102:A/A,110:C/C,131:G/G,140:C/C,143:C/C,147:G/G,148:A/G,171:G/G,172:G/G",111.0,C/C
878,33,IGHV1-17*01,14319,0.22309403428599997,background,"14:C/C,102:A/A,110:C/C,131:G/G,140:C/C,143:C/C,147:G/G,148:A/G,171:G/G,172:G/G",111.0,C/C
887,34,IGHV1-17*01,14319,0.200690863252,stimulated,"14:C/C,102:A/A,110:C/C,131:G/G,140:C/C,143:C/C,147:G/G,148:A/G,171:G/G,172:G/G",111.0,C/C
905,32,IGHV1-17*01,14377,0.169302325581,memory,"14:C/C,102:A/A,110:C/C,131:G/G,140:C/C,143:C/C,147:G/G,148:A/G,171:G/G,172:G/G",111.0,C/C
914,33,IGHV1-17*01,14377,0.215133257766,background,"14:C/C,102:A/A,110:C/C,131:G/G,140:C/C,143:C/C,147:G/G,148:A/G,171:G/G,172:G/G",111.0,C/C
923,34,IGHV1-17*01,14377,0.203115146365,stimulated,"14:C/C,102:A/A,110:C/C,131:G/G,140:C/C,143:C/C,147:G/G,148:A/G,171:G/G,172:G/G",111.0,C/C
945,32,IGHV1-17*01,14245,0.0825285338016,memory,"14:C/C,102:A/A,110:A/A,131:G/G,140:G/G,143:T/T,147:G/G,148:A/A,171:G/G,172:G/G",111.0,A/A
954,33,IGHV1-17*01,14245,0.106655609027,background,"14:C/C,102:A/A,110:A/A,131:G/G,140:G/G,143:T/T,147:G/G,148:A/A,171:G/G,172:G/G",111.0,A/A
963,34,IGHV1-17*01,14245,0.101960832494,stimulated,"14:C/C,102:A/A,110:A/A,131:G/G,140:G/G,143:T/T,147:G/G,148:A/A,171:G/G,172:G/G",111.0,A/A
981,28,IGHV1-17*01,14021,0.258498023715,memory,"14:C/C,102:A/A,110:C/C,131:G/G,140:C/C,143:C/C,147:G/G,148:G/G,171:G/G,172:G/G",111.0,C/C
990,29,IGHV1-17*01,14021,0.269821809875,background,"14:C/C,102:A/A,110:C/C,131:G/G,140:C/C,143:C/C,147:G/G,148:G/G,171:G/G,172:G/G",111.0,C/C
999,30,IGHV1-17*01,14021,0.239467994031,stimulated,"14:C/C,102:A/A,110:C/C,131:G/G,140:C/C,143:C/C,147:G/G,148:G/G,171:G/G,172:G/G",111.0,C/C
1025,28,IGHV1-17*01,14227,0.22232223222300002,memory,"14:C/C,102:A/A,110:C/C,131:G/G,140:C/C,143:C/C,147:G/G,148:G/G,171:G/G,172:G/G",111.0,C/C
1034,29,IGHV1-17*01,14227,0.271424989666,background,"14:C/C,102:A/A,110:C/C,131:G/G,140:C/C,143:C/C,147:G/G,148:G/G,171:G/G,172:G/G",111.0,C/C
1043,30,IGHV1-17*01,14227,0.26144158822700003,stimulated,"14:C/C,102:A/A,110:C/C,131:G/G,140:C/C,143:C/C,147:G/G,148:G/G,171:G/G,172:G/G",111.0,C/C
1061,48,IGHV1-17*01,14315,0.0742534301856,memory,"14:C/C,102:A/A,110:A/A,131:G/G,140:G/G,143:T/T,147:G/G,148:A/A,171:G/G,172:G/G",111.0,A/A
1070,49,IGHV1-17*01,14315,0.111882479407,background,"14:C/C,102:A/A,110:A/A,131:G/G,140:G/G,143:T/T,147:G/G,148:A/A,171:G/G,172:G/G",111.0,A/A
1079,50,IGHV1-17*01,14315,0.115195047287,stimulated,"14:C/C,102:A/A,110:A/A,131:G/G,140:G/G,143:T/T,147:G/G,148:A/A,171:G/G,172:G/G",111.0,A/A
1097,32,IGHV1-17*01,14171,0.171981004071,memory,"14:C/C,102:A/A,110:C/C,131:G/G,140:C/C,143:C/C,147:G/G,148:G/G,171:G/G,172:G/G",111.0,C/C
1106,33,IGHV1-17*01,14171,0.177367885148,background,"14:C/C,102:A/A,110:C/C,131:G/G,140:C/C,143:C/C,147:G/G,148:G/G,171:G/G,172:G/G",111.0,C/C
1115,34,IGHV1-17*01,14171,0.18714183590999997,stimulated,"14:C/C,102:A/A,110:C/C,131:G/G,140:C/C,143:C/C,147:G/G,148:G/G,171:G/G,172:G/G",111.0,C/C
1133,28,IGHV1-17*01,14043,0.23293996921500001,memory,"14:C/C,102:A/A,110:C/C,131:G/G,140:C/C,143:C/C,147:G/G,148:G/G,171:G/G,172:G/G",111.0,C/C
1142,29,IGHV1-17*01,14043,0.243801697087,background,"14:C/C,102:A/A,110:C/C,131:G/G,140:C/C,143:C/C,147:G/G,148:G/G,171:G/G,172:G/G",111.0,C/C
1151,30,IGHV1-17*01,14043,0.260408896761,stimulated,"14:C/C,102:A/A,110:C/C,131:G/G,140:C/C,143:C/C,147:G/G,148:G/G,171:G/G,172:G/G",111.0,C/C
1169,28,IGHV1-17*01,14223,0.214003944773,memory,"14:C/C,102:A/A,110:C/C,131:G/G,140:C/C,143:C/C,147:G/G,148:G/G,171:G/G,172:G/G",111.0,C/C
1178,29,IGHV1-17*01,14223,0.21539509460099998,background,"14:C/C,102:A/A,110:C/C,131:G/G,140:C/C,143:C/C,147:G/G,148:G/G,171:G/G,172:G/G",111.0,C/C
1187,30,IGHV1-17*01,14223,0.224645378845,stimulated,"14:C/C,102:A/A,110:C/C,131:G/G,140:C/C,143:C/C,147:G/G,148:G/G,171:G/G,172:G/G",111.0,C/C
1205,28,IGHV1-17*01,14461,0.21568627450999997,memory,"14:C/C,102:A/A,110:C/C,131:G/G,140:C/C,143:C/C,147:G/G,148:G/G,171:G/G,172:G/G",111.0,C/C
1214,29,IGHV1-17*01,14461,0.244585469841,background,"14:C/C,102:A/A,110:C/C,131:G/G,140:C/C,143:C/C,147:G/G,148:G/G,171:G/G,172:G/G",111.0,C/C
1223,30,IGHV1-17*01,14461,0.250730812629,stimulated,"14:C/C,102:A/A,110:C/C,131:G/G,140:C/C,143:C/C,147:G/G,148:G/G,171:G/G,172:G/G",111.0,C/C
1241,32,IGHV1-17*01,14395,0.175101803374,memory,"14:C/C,102:A/A,110:C/C,131:G/G,140:C/C,143:C/C,147:G/G,148:A/G,171:G/G,172:G/G",111.0,C/C
1250,33,IGHV1-17*01,14395,0.17593272650800001,background,"14:C/C,102:A/A,110:C/C,131:G/G,140:C/C,143:C/C,147:G/G,148:A/G,171:G/G,172:G/G",111.0,C/C
1259,34,IGHV1-17*01,14395,0.174345423973,stimulated,"14:C/C,102:A/A,110:C/C,131:G/G,140:C/C,143:C/C,147:G/G,148:A/G,171:G/G,172:G/G",111.0,C/C
1277,48,IGHV1-17*01,14311,0.0723362658847,memory,"14:C/C,102:A/A,110:C/C,131:G/G,140:C/C,143:C/C,147:G/G,148:A/G,171:G/G,172:G/G",111.0,C/C
1286,49,IGHV1-17*01,14311,0.0896239203687,background,"14:C/C,102:A/A,110:C/C,131:G/G,140:C/C,143:C/C,147:G/G,148:A/G,171:G/G,172:G/G",111.0,C/C
1295,50,IGHV1-17*01,14311,0.088151758283,stimulated,"14:C/C,102:A/A,110:C/C,131:G/G,140:C/C,143:C/C,147:G/G,148:A/G,171:G/G,172:G/G",111.0,C/C
1313,28,IGHV1-17*01,14175,0.134932533733,memory,"14:C/C,102:A/A,110:C/C,131:G/G,140:C/G,143:C/T,147:G/G,148:A/G,171:G/G,172:G/G",111.0,C/C
1322,29,IGHV1-17*01,14175,0.15465239146,background,"14:C/C,102:A/A,110:C/C,131:G/G,140:C/G,143:C/T,147:G/G,148:A/G,171:G/G,172:G/G",111.0,C/C
1331,30,IGHV1-17*01,14175,0.15886371892999998,stimulated,"14:C/C,102:A/A,110:C/C,131:G/G,140:C/G,143:C/T,147:G/G,148:A/G,171:G/G,172:G/G",111.0,C/C
1349,32,IGHV1-17*01,14047,0.0913921360255,memory,"14:C/C,102:A/A,110:C/C,131:T/T,140:G/G,143:T/T,147:G/G,148:A/A,171:G/G,172:G/G",111.0,C/C
1358,33,IGHV1-17*01,14047,0.113372490777,background,"14:C/C,102:A/A,110:C/C,131:T/T,140:G/G,143:T/T,147:G/G,148:A/A,171:G/G,172:G/G",111.0,C/C
1367,34,IGHV1-17*01,14047,0.100271374668,stimulated,"14:C/C,102:A/A,110:C/C,131:T/T,140:G/G,143:T/T,147:G/G,148:A/A,171:G/G,172:G/G",111.0,C/C
1385,28,IGHV1-17*01,14029,0.19431279620900002,memory,"14:C/C,102:A/A,110:C/C,131:G/G,140:C/C,143:C/C,147:G/G,148:G/G,171:G/G,172:G/G",111.0,C/C
1394,29,IGHV1-17*01,14029,0.22268330910599998,background,"14:C/C,102:A/A,110:C/C,131:G/G,140:C/C,143:C/C,147:G/G,148:G/G,171:G/G,172:G/G",111.0,C/C
1403,30,IGHV1-17*01,14029,0.210681775353,stimulated,"14:C/C,102:A/A,110:C/C,131:G/G,140:C/C,143:C/C,147:G/G,148:G/G,171:G/G,172:G/G",111.0,C/C
1425,28,IGHV1-17*01,14125,0.225730071034,memory,"14:C/C,102:A/A,110:C/C,131:G/G,140:C/C,143:C/C,147:G/G,148:G/G,171:G/G,172:G/G",111.0,C/C
1434,29,IGHV1-17*01,14125,0.240147708845,background,"14:C/C,102:A/A,110:C/C,131:G/G,140:C/C,143:C/C,147:G/G,148:G/G,171:G/G,172:G/G",111.0,C/C
1443,30,IGHV1-17*01,14125,0.22888992293299998,stimulated,"14:C/C,102:A/A,110:C/C,131:G/G,140:C/C,143:C/C,147:G/G,148:G/G,171:G/G,172:G/G",111.0,C/C
1461,44,IGHV1-17*01,14017,0.167630057803,memory,"14:C/C,102:A/A,110:C/C,131:G/G,140:C/C,143:C/C,147:G/G,148:G/G,171:G/G,172:G/G",111.0,C/C
1470,45,IGHV1-17*01,14017,0.17662195130999997,background,"14:C/C,102:A/A,110:C/C,131:G/G,140:C/C,143:C/C,147:G/G,148:G/G,171:G/G,172:G/G",111.0,C/C
1479,46,IGHV1-17*01,14017,0.17800399537,stimulated,"14:C/C,102:A/A,110:C/C,131:G/G,140:C/C,143:C/C,147:G/G,148:G/G,171:G/G,172:G/G",111.0,C/C
1497,32,IGHV1-17*01,14079,0.17051013277399998,memory,"14:C/C,102:A/A,110:C/C,131:G/G,140:C/C,143:C/C,147:G/G,148:G/G,171:G/G,172:G/G",111.0,C/C
1506,33,IGHV1-17*01,14079,0.166589314816,background,"14:C/C,102:A/A,110:C/C,131:G/G,140:C/C,143:C/C,147:G/G,148:G/G,171:G/G,172:G/G",111.0,C/C
1515,34,IGHV1-17*01,14079,0.161338280561,stimulated,"14:C/C,102:A/A,110:C/C,131:G/G,140:C/C,143:C/C,147:G/G,148:G/G,171:G/G,172:G/G",111.0,C/C
1533,32,IGHV1-17*01,14273,0.20685840708,memory,"14:C/C,102:A/A,110:C/C,131:G/G,140:C/C,143:C/C,147:G/G,148:G/G,171:G/G,172:G/G",111.0,C/C
1542,33,IGHV1-17*01,14273,0.21395735073,background,"14:C/C,102:A/A,110:C/C,131:G/G,140:C/C,143:C/C,147:G/G,148:G/G,171:G/G,172:G/G",111.0,C/C
1551,34,IGHV1-17*01,14273,0.21240134816599998,stimulated,"14:C/C,102:A/A,110:C/C,131:G/G,140:C/C,143:C/C,147:G/G,148:G/G,171:G/G,172:G/G",111.0,C/C
1569,32,IGHV1-17*01,14431,0.192848020434,memory,"14:C/C,102:A/A,110:C/C,131:G/G,140:C/C,143:C/C,147:G/G,148:G/G,171:G/G,172:G/G",111.0,C/C
1578,33,IGHV1-17*01,14431,0.19770775024,background,"14:C/C,102:A/A,110:C/C,131:G/G,140:C/C,143:C/C,147:G/G,148:G/G,171:G/G,172:G/G",111.0,C/C
1587,34,IGHV1-17*01,14431,0.207078176879,stimulated,"14:C/C,102:A/A,110:C/C,131:G/G,140:C/C,143:C/C,147:G/G,148:G/G,171:G/G,172:G/G",111.0,C/C
1609,28,IGHV1-17*01,14299,0.0745742806812,memory,"14:C/C,102:A/A,110:C/C,131:T/T,140:G/G,143:T/T,147:G/G,148:A/A,171:G/G,172:G/G",111.0,C/C
1618,29,IGHV1-17*01,14299,0.102788959512,background,"14:C/C,102:A/A,110:C/C,131:T/T,140:G/G,143:T/T,147:G/G,148:A/A,171:G/G,172:G/G",111.0,C/C
1627,30,IGHV1-17*01,14299,0.101764777772,stimulated,"14:C/C,102:A/A,110:C/C,131:T/T,140:G/G,143:T/T,147:G/G,148:A/A,171:G/G,172:G/G",111.0,C/C
1645,32,IGHV1-17*01,14121,0.08459869848160001,memory,"14:C/C,102:A/A,110:C/C,131:T/T,140:G/G,143:T/T,147:G/G,148:A/A,171:G/G,172:G/G",111.0,C/C
1654,33,IGHV1-17*01,14121,0.102791577267,background,"14:C/C,102:A/A,110:C/C,131:T/T,140:G/G,143:T/T,147:G/G,148:A/A,171:G/G,172:G/G",111.0,C/C
1663,34,IGHV1-17*01,14121,0.08817012781960001,stimulated,"14:C/C,102:A/A,110:C/C,131:T/T,140:G/G,143:T/T,147:G/G,148:A/A,171:G/G,172:G/G",111.0,C/C
1681,32,IGHV1-17*01,14097,0.157121135327,memory,"14:C/C,102:A/A,110:C/C,131:G/G,140:C/G,143:C/T,147:G/G,148:A/G,171:G/G,172:G/G",111.0,C/C
1690,33,IGHV1-17*01,14097,0.184221413271,background,"14:C/C,102:A/A,110:C/C,131:G/G,140:C/G,143:C/T,147:G/G,148:A/G,171:G/G,172:G/G",111.0,C/C
1699,34,IGHV1-17*01,14097,0.171356306614,stimulated,"14:C/C,102:A/A,110:C/C,131:G/G,140:C/G,143:C/T,147:G/G,148:A/G,171:G/G,172:G/G",111.0,C/C
1721,32,IGHV1-17*01,14219,0.270474137931,memory,"14:C/C,102:A/A,110:C/C,131:G/G,140:C/C,143:C/C,147:G/G,148:G/G,171:G/G,172:G/G",111.0,C/C
1730,33,IGHV1-17*01,14219,0.257915411629,background,"14:C/C,102:A/A,110:C/C,131:G/G,140:C/C,143:C/C,147:G/G,148:G/G,171:G/G,172:G/G",111.0,C/C
1739,34,IGHV1-17*01,14219,0.242177974128,stimulated,"14:C/C,102:A/A,110:C/C,131:G/G,140:C/C,143:C/C,147:G/G,148:G/G,171:G/G,172:G/G",111.0,C/C
1757,28,IGHV1-17*01,14435,0.22837837837799999,memory,"14:C/C,102:A/A,110:C/C,131:G/G,140:C/C,143:C/C,147:G/G,148:G/G,171:G/G,172:G/G",111.0,C/C
1766,29,IGHV1-17*01,14435,0.19929168716200002,background,"14:C/C,102:A/A,110:C/C,131:G/G,140:C/C,143:C/C,147:G/G,148:G/G,171:G/G,172:G/G",111.0,C/C
1775,30,IGHV1-17*01,14435,0.204468545824,stimulated,"14:C/C,102:A/A,110:C/C,131:G/G,140:C/C,143:C/C,147:G/G,148:G/G,171:G/G,172:G/G",111.0,C/C
1797,28,IGHV1-17*01,14345,0.177126917713,memory,"14:C/C,102:A/A,110:C/C,131:G/G,140:C/C,143:C/C,147:G/G,148:G/G,171:G/G,172:G/G",111.0,C/C
1806,29,IGHV1-17*01,14345,0.20814796664500002,background,"14:C/C,102:A/A,110:C/C,131:G/G,140:C/C,143:C/C,147:G/G,148:G/G,171:G/G,172:G/G",111.0,C/C
1815,30,IGHV1-17*01,14345,0.222337157876,stimulated,"14:C/C,102:A/A,110:C/C,131:G/G,140:C/C,143:C/C,147:G/G,148:G/G,171:G/G,172:G/G",111.0,C/C
1833,32,IGHV1-17*01,14071,0.188962207558,memory,"14:C/C,102:A/A,110:C/C,131:G/G,140:C/C,143:C/C,147:G/G,148:G/G,171:G/G,172:G/G",111.0,C/C
1842,33,IGHV1-17*01,14071,0.195186323582,background,"14:C/C,102:A/A,110:C/C,131:G/G,140:C/C,143:C/C,147:G/G,148:G/G,171:G/G,172:G/G",111.0,C/C
1851,34,IGHV1-17*01,14071,0.211754460926,stimulated,"14:C/C,102:A/A,110:C/C,131:G/G,140:C/C,143:C/C,147:G/G,148:G/G,171:G/G,172:G/G",111.0,C/C
1869,44,IGHV1-17*01,14143,0.158899923606,memory,"14:C/C,102:A/A,110:C/C,131:G/G,140:C/C,143:C/C,147:G/G,148:G/G,171:G/G,172:G/G",111.0,C/C
1878,45,IGHV1-17*01,14143,0.16966426055599998,background,"14:C/C,102:A/A,110:C/C,131:G/G,140:C/C,143:C/C,147:G/G,148:G/G,171:G/G,172:G/G",111.0,C/C
1887,46,IGHV1-17*01,14143,0.156401836469,stimulated,"14:C/C,102:A/A,110:C/C,131:G/G,140:C/C,143:C/C,147:G/G,148:G/G,171:G/G,172:G/G",111.0,C/C
1905,32,IGHV1-17*01,14291,0.165898617512,memory,"14:C/C,102:A/A,110:C/C,131:G/G,140:C/C,143:C/C,147:G/G,148:G/G,171:G/G,172:G/G",111.0,C/C
1914,33,IGHV1-17*01,14291,0.178006374884,background,"14:C/C,102:A/A,110:C/C,131:G/G,140:C/C,143:C/C,147:G/G,148:G/G,171:G/G,172:G/G",111.0,C/C
1923,34,IGHV1-17*01,14291,0.177256324402,stimulated,"14:C/C,102:A/A,110:C/C,131:G/G,140:C/C,143:C/C,147:G/G,148:G/G,171:G/G,172:G/G",111.0,C/C
1941,48,IGHV1-17*01,14349,0.166342412451,memory,"14:C/C,102:A/A,110:C/C,131:G/G,140:C/C,143:C/C,147:G/G,148:G/G,171:G/G,172:G/G",111.0,C/C
1950,49,IGHV1-17*01,14349,0.203236908957,background,"14:C/C,102:A/A,110:C/C,131:G/G,140:C/C,143:C/C,147:G/G,148:G/G,171:G/G,172:G/G",111.0,C/C
1959,50,IGHV1-17*01,14349,0.166169190167,stimulated,"14:C/C,102:A/A,110:C/C,131:G/G,140:C/C,143:C/C,147:G/G,148:G/G,171:G/G,172:G/G",111.0,C/C
1977,32,IGHV1-17*01,14327,0.22199170124499998,memory,"14:C/C,102:A/A,110:C/C,131:G/G,140:C/C,143:C/C,147:G/G,148:G/G,171:G/G,172:G/G",111.0,C/C
1986,33,IGHV1-17*01,14327,0.19267380232,background,"14:C/C,102:A/A,110:C/C,131:G/G,140:C/C,143:C/C,147:G/G,148:G/G,171:G/G,172:G/G",111.0,C/C
1995,34,IGHV1-17*01,14327,0.198310217859,stimulated,"14:C/C,102:A/A,110:C/C,131:G/G,140:C/C,143:C/C,147:G/G,148:G/G,171:G/G,172:G/G",111.0,C/C
2013,28,IGHV1-17*01,14457,0.22417840375599998,memory,"14:C/C,102:A/A,110:C/C,131:G/G,140:C/C,143:C/C,147:G/G,148:G/G,171:G/G,172:G/G",111.0,C/C
2022,29,IGHV1-17*01,14457,0.252105666156,background,"14:C/C,102:A/A,110:C/C,131:G/G,140:C/C,143:C/C,147:G/G,148:G/G,171:G/G,172:G/G",111.0,C/C
2031,30,IGHV1-17*01,14457,0.241643433284,stimulated,"14:C/C,102:A/A,110:C/C,131:G/G,140:C/C,143:C/C,147:G/G,148:G/G,171:G/G,172:G/G",111.0,C/C
2049,28,IGHV1-17*01,14215,0.23445657332699998,memory,"14:C/C,102:A/A,110:C/C,131:G/G,140:C/C,143:C/C,147:G/G,148:G/G,171:G/G,172:G/G",111.0,C/C
2058,29,IGHV1-17*01,14215,0.230851688318,background,"14:C/C,102:A/A,110:C/C,131:G/G,140:C/C,143:C/C,147:G/G,148:G/G,171:G/G,172:G/G",111.0,C/C
2067,30,IGHV1-17*01,14215,0.197969099646,stimulated,"14:C/C,102:A/A,110:C/C,131:G/G,140:C/C,143:C/C,147:G/G,148:G/G,171:G/G,172:G/G",111.0,C/C
2085,48,IGHV1-17*01,14439,0.215869311552,memory,"14:C/C,102:A/A,110:C/C,131:G/G,140:C/C,143:C/C,147:G/G,148:G/G,171:G/G,172:G/G",111.0,C/C
2094,49,IGHV1-17*01,14439,0.226398078374,background,"14:C/C,102:A/A,110:C/C,131:G/G,140:C/C,143:C/C,147:G/G,148:G/G,171:G/G,172:G/G",111.0,C/C
2103,50,IGHV1-17*01,14439,0.222449903798,stimulated,"14:C/C,102:A/A,110:C/C,131:G/G,140:C/C,143:C/C,147:G/G,148:G/G,171:G/G,172:G/G",111.0,C/C
2121,28,IGHV1-17*01,14075,0.23991507430999998,memory,"14:C/C,102:A/A,110:C/C,131:G/G,140:C/C,143:C/C,147:G/G,148:G/G,171:G/G,172:G/G",111.0,C/C
2130,29,IGHV1-17*01,14075,0.254019492789,background,"14:C/C,102:A/A,110:C/C,131:G/G,140:C/C,143:C/C,147:G/G,148:G/G,171:G/G,172:G/G",111.0,C/C
2139,30,IGHV1-17*01,14075,0.24727554852699998,stimulated,"14:C/C,102:A/A,110:C/C,131:G/G,140:C/C,143:C/C,147:G/G,148:G/G,171:G/G,172:G/G",111.0,C/C
2157,48,IGHV1-17*01,14147,0.125588697017,memory,"14:C/C,102:A/A,110:A/A,131:G/G,140:G/G,143:T/T,147:G/G,148:A/A,171:G/G,172:G/G",111.0,A/A
2166,49,IGHV1-17*01,14147,0.11881208017400001,background,"14:C/C,102:A/A,110:A/A,131:G/G,140:G/G,143:T/T,147:G/G,148:A/A,171:G/G,172:G/G",111.0,A/A
2175,50,IGHV1-17*01,14147,0.109559008452,stimulated,"14:C/C,102:A/A,110:A/A,131:G/G,140:G/G,143:T/T,147:G/G,148:A/A,171:G/G,172:G/G",111.0,A/A
2193,32,IGHV1-17*01,14129,0.261575954509,memory,"14:C/C,102:A/A,110:C/C,131:G/G,140:C/C,143:C/C,147:G/G,148:G/G,171:G/G,172:G/G",111.0,C/C
2202,33,IGHV1-17*01,14129,0.26419937725299997,background,"14:C/C,102:A/A,110:C/C,131:G/G,140:C/C,143:C/C,147:G/G,148:G/G,171:G/G,172:G/G",111.0,C/C
2211,34,IGHV1-17*01,14129,0.253519978255,stimulated,"14:C/C,102:A/A,110:C/C,131:G/G,140:C/C,143:C/C,147:G/G,148:G/G,171:G/G,172:G/G",111.0,C/C
2229,32,IGHV1-17*01,14323,0.173349056604,memory,"14:C/C,102:A/A,110:C/C,131:G/G,140:C/C,143:C/C,147:G/G,148:G/G,171:G/G,172:G/G",111.0,C/C
2238,33,IGHV1-17*01,14323,0.199398241782,background,"14:C/C,102:A/A,110:C/C,131:G/G,140:C/C,143:C/C,147:G/G,148:G/G,171:G/G,172:G/G",111.0,C/C
2247,34,IGHV1-17*01,14323,0.199607179115,stimulated,"14:C/C,102:A/A,110:C/C,131:G/G,140:C/C,143:C/C,147:G/G,148:G/G,171:G/G,172:G/G",111.0,C/C
2265,28,IGHV1-17*01,14295,0.20224719101100003,memory,"14:C/C,102:A/A,110:C/C,131:G/G,140:C/G,143:C/T,147:G/G,148:A/G,171:G/G,172:G/G",111.0,C/C
2274,29,IGHV1-17*01,14295,0.20474277044300002,background,"14:C/C,102:A/A,110:C/C,131:G/G,140:C/G,143:C/T,147:G/G,148:A/G,171:G/G,172:G/G",111.0,C/C
2283,30,IGHV1-17*01,14295,0.204577406483,stimulated,"14:C/C,102:A/A,110:C/C,131:G/G,140:C/G,143:C/T,147:G/G,148:A/G,171:G/G,172:G/G",111.0,C/C
2301,48,IGHV1-17*01,14423,0.197667638484,memory,"14:C/C,102:A/A,110:C/C,131:G/G,140:C/G,143:C/T,147:G/G,148:A/G,171:G/G,172:G/G",111.0,C/C
2310,49,IGHV1-17*01,14423,0.23755661022799998,background,"14:C/C,102:A/A,110:C/C,131:G/G,140:C/G,143:C/T,147:G/G,148:A/G,171:G/G,172:G/G",111.0,C/C
2319,50,IGHV1-17*01,14423,0.21835648315,stimulated,"14:C/C,102:A/A,110:C/C,131:G/G,140:C/G,143:C/T,147:G/G,148:A/G,171:G/G,172:G/G",111.0,C/C
2341,28,IGHV1-17*01,14353,0.206487341772,memory,"14:C/C,102:A/A,110:C/C,131:G/G,140:C/C,143:C/C,147:G/G,148:G/G,171:G/G,172:G/G",111.0,C/C
2350,29,IGHV1-17*01,14353,0.214724419225,background,"14:C/C,102:A/A,110:C/C,131:G/G,140:C/C,143:C/C,147:G/G,148:G/G,171:G/G,172:G/G",111.0,C/C
2359,30,IGHV1-17*01,14353,0.20793500386,stimulated,"14:C/C,102:A/A,110:C/C,131:G/G,140:C/C,143:C/C,147:G/G,148:G/G,171:G/G,172:G/G",111.0,C/C
2377,48,IGHV1-17*01,14137,0.221848739496,memory,"14:C/C,102:A/A,110:C/C,131:G/G,140:C/C,143:C/C,147:G/G,148:G/G,171:G/G,172:G/G",111.0,C/C
2386,49,IGHV1-17*01,14137,0.25491269941,background,"14:C/C,102:A/A,110:C/C,131:G/G,140:C/C,143:C/C,147:G/G,148:G/G,171:G/G,172:G/G",111.0,C/C
2395,50,IGHV1-17*01,14137,0.238234436846,stimulated,"14:C/C,102:A/A,110:C/C,131:G/G,140:C/C,143:C/C,147:G/G,148:G/G,171:G/G,172:G/G",111.0,C/C
2413,48,IGHV1-17*01,14081,0.0731707317073,memory,"14:C/C,102:A/A,110:C/C,131:T/T,140:G/G,143:T/T,147:G/G,148:A/A,171:G/G,172:G/G",111.0,C/C
2422,49,IGHV1-17*01,14081,0.10190922221000001,background,"14:C/C,102:A/A,110:C/C,131:T/T,140:G/G,143:T/T,147:G/G,148:A/A,171:G/G,172:G/G",111.0,C/C
2431,50,IGHV1-17*01,14081,0.08151172196539999,stimulated,"14:C/C,102:A/A,110:C/C,131:T/T,140:G/G,143:T/T,147:G/G,148:A/A,171:G/G,172:G/G",111.0,C/C
2449,32,IGHV1-17*01,14159,0.0905391658189,memory,"14:C/C,102:A/A,110:C/C,131:T/T,140:G/G,143:T/T,147:G/G,148:A/A,171:G/G,172:G/G",111.0,C/C
2458,33,IGHV1-17*01,14159,0.107235731862,background,"14:C/C,102:A/A,110:C/C,131:T/T,140:G/G,143:T/T,147:G/G,148:A/A,171:G/G,172:G/G",111.0,C/C
2467,34,IGHV1-17*01,14159,0.107437769336,stimulated,"14:C/C,102:A/A,110:C/C,131:T/T,140:G/G,143:T/T,147:G/G,148:A/A,171:G/G,172:G/G",111.0,C/C
2485,48,IGHV1-17*01,14265,0.21676300578000002,memory,"14:C/C,102:A/A,110:C/C,131:G/G,140:C/C,143:C/C,147:G/G,148:G/G,171:G/G,172:G/G",111.0,C/C
2494,49,IGHV1-17*01,14265,0.24051543789299998,background,"14:C/C,102:A/A,110:C/C,131:G/G,140:C/C,143:C/C,147:G/G,148:G/G,171:G/G,172:G/G",111.0,C/C
2503,50,IGHV1-17*01,14265,0.22175482113000003,stimulated,"14:C/C,102:A/A,110:C/C,131:G/G,140:C/C,143:C/C,147:G/G,148:G/G,171:G/G,172:G/G",111.0,C/C
2521,32,IGHV1-17*01,14427,0.246031746032,memory,"14:C/C,102:A/A,110:C/C,131:G/G,140:C/C,143:C/C,147:G/G,148:G/G,171:G/G,172:G/G",111.0,C/C
2530,33,IGHV1-17*01,14427,0.276037537299,background,"14:C/C,102:A/A,110:C/C,131:G/G,140:C/C,143:C/C,147:G/G,148:G/G,171:G/G,172:G/G",111.0,C/C
2539,34,IGHV1-17*01,14427,0.259372958589,stimulated,"14:C/C,102:A/A,110:C/C,131:G/G,140:C/C,143:C/C,147:G/G,148:G/G,171:G/G,172:G/G",111.0,C/C
2557,32,IGHV1-17*01,14339,0.262114537445,memory,"14:C/C,102:A/A,110:C/C,131:G/G,140:C/C,143:C/C,147:G/G,148:G/G,171:G/G,172:G/G",111.0,C/C
2566,33,IGHV1-17*01,14339,0.257069929383,background,"14:C/C,102:A/A,110:C/C,131:G/G,140:C/C,143:C/C,147:G/G,148:G/G,171:G/G,172:G/G",111.0,C/C
2575,34,IGHV1-17*01,14339,0.245210560475,stimulated,"14:C/C,102:A/A,110:C/C,131:G/G,140:C/C,143:C/C,147:G/G,148:G/G,171:G/G,172:G/G",111.0,C/C
2597,28,IGHV1-17*01,14085,0.224350205198,memory,"14:C/C,102:A/A,110:C/C,131:G/G,140:C/C,143:C/C,147:G/G,148:A/G,171:G/G,172:G/G",111.0,C/C
2606,29,IGHV1-17*01,14085,0.218373424861,background,"14:C/C,102:A/A,110:C/C,131:G/G,140:C/C,143:C/C,147:G/G,148:A/G,171:G/G,172:G/G",111.0,C/C
2615,30,IGHV1-17*01,14085,0.22021431165999997,stimulated,"14:C/C,102:A/A,110:C/C,131:G/G,140:C/C,143:C/C,147:G/G,148:A/G,171:G/G,172:G/G",111.0,C/C
2633,44,IGHV1-17*01,14133,0.15037593985,memory,"14:C/C,102:A/A,110:C/C,131:G/G,140:C/C,143:C/C,147:G/G,148:G/G,171:G/G,172:G/G",111.0,C/C
2642,45,IGHV1-17*01,14133,0.162558051625,background,"14:C/C,102:A/A,110:C/C,131:G/G,140:C/C,143:C/C,147:G/G,148:G/G,171:G/G,172:G/G",111.0,C/C
2651,46,IGHV1-17*01,14133,0.17099902437800002,stimulated,"14:C/C,102:A/A,110:C/C,131:G/G,140:C/C,143:C/C,147:G/G,148:G/G,171:G/G,172:G/G",111.0,C/C
2669,48,IGHV1-17*01,14335,0.08506075768410001,memory,"14:C/C,102:A/A,110:C/C,131:G/G,140:C/C,143:C/C,147:G/G,148:G/G,171:G/G,172:G/G",111.0,C/C
2678,49,IGHV1-17*01,14335,0.10141874276599999,background,"14:C/C,102:A/A,110:C/C,131:G/G,140:C/C,143:C/C,147:G/G,148:G/G,171:G/G,172:G/G",111.0,C/C
2687,50,IGHV1-17*01,14335,0.111091223791,stimulated,"14:C/C,102:A/A,110:C/C,131:G/G,140:C/C,143:C/C,147:G/G,148:G/G,171:G/G,172:G/G",111.0,C/C
2705,28,IGHV1-17*01,14283,0.160593792173,memory,"14:C/C,102:A/A,110:C/C,131:G/G,140:C/C,143:C/C,147:G/G,148:G/G,171:G/G,172:G/G",111.0,C/C
2714,29,IGHV1-17*01,14283,0.180889541638,background,"14:C/C,102:A/A,110:C/C,131:G/G,140:C/C,143:C/C,147:G/G,148:G/G,171:G/G,172:G/G",111.0,C/C
2723,30,IGHV1-17*01,14283,0.170623401301,stimulated,"14:C/C,102:A/A,110:C/C,131:G/G,140:C/C,143:C/C,147:G/G,148:G/G,171:G/G,172:G/G",111.0,C/C
2741,32,IGHV1-17*01,14207,0.0954545454545,memory,"14:C/C,102:A/A,110:A/A,131:G/G,140:G/G,143:T/T,147:G/G,148:A/A,171:G/G,172:G/G",111.0,A/A
2750,33,IGHV1-17*01,14207,0.11540976894200002,background,"14:C/C,102:A/A,110:A/A,131:G/G,140:G/G,143:T/T,147:G/G,148:A/A,171:G/G,172:G/G",111.0,A/A
2759,34,IGHV1-17*01,14207,0.11406992662799999,stimulated,"14:C/C,102:A/A,110:A/A,131:G/G,140:G/G,143:T/T,147:G/G,148:A/A,171:G/G,172:G/G",111.0,A/A
2777,28,IGHV1-17*01,14063,0.196347031963,memory,"14:C/C,102:A/A,110:C/C,131:G/G,140:C/C,143:C/C,147:G/G,148:G/G,171:G/G,172:G/G",111.0,C/C
2786,29,IGHV1-17*01,14063,0.22208071135200003,background,"14:C/C,102:A/A,110:C/C,131:G/G,140:C/C,143:C/C,147:G/G,148:G/G,171:G/G,172:G/G",111.0,C/C
2795,30,IGHV1-17*01,14063,0.208107125632,stimulated,"14:C/C,102:A/A,110:C/C,131:G/G,140:C/C,143:C/C,147:G/G,148:G/G,171:G/G,172:G/G",111.0,C/C
2817,52,IGHV1-17*01,14287,0.10691823899399999,memory,"14:C/C,102:A/A,110:A/A,131:G/G,140:G/G,143:T/T,147:G/G,148:A/A,171:G/G,172:G/G",111.0,A/A
2826,53,IGHV1-17*01,14287,0.126731543939,background,"14:C/C,102:A/A,110:A/A,131:G/G,140:G/G,143:T/T,147:G/G,148:A/A,171:G/G,172:G/G",111.0,A/A
2835,54,IGHV1-17*01,14287,0.104268158092,stimulated,"14:C/C,102:A/A,110:A/A,131:G/G,140:G/G,143:T/T,147:G/G,148:A/A,171:G/G,172:G/G",111.0,A/A
2853,32,IGHV1-17*01,14331,0.17790697674400002,memory,"14:C/C,102:A/A,110:C/C,131:G/G,140:C/C,143:C/C,147:G/G,148:G/G,171:G/G,172:G/G",111.0,C/C
2862,33,IGHV1-17*01,14331,0.192116762584,background,"14:C/C,102:A/A,110:C/C,131:G/G,140:C/C,143:C/C,147:G/G,148:G/G,171:G/G,172:G/G",111.0,C/C
2871,34,IGHV1-17*01,14331,0.175024667132,stimulated,"14:C/C,102:A/A,110:C/C,131:G/G,140:C/C,143:C/C,147:G/G,148:G/G,171:G/G,172:G/G",111.0,C/C
2889,32,IGHV1-17*01,14203,0.214592274678,memory,"14:C/C,102:A/A,110:C/C,131:G/G,140:C/C,143:C/C,147:G/G,148:G/G,171:G/G,172:G/G",111.0,C/C
2898,33,IGHV1-17*01,14203,0.24852307714299998,background,"14:C/C,102:A/A,110:C/C,131:G/G,140:C/C,143:C/C,147:G/G,148:G/G,171:G/G,172:G/G",111.0,C/C
2907,34,IGHV1-17*01,14203,0.232397080225,stimulated,"14:C/C,102:A/A,110:C/C,131:G/G,140:C/C,143:C/C,147:G/G,148:G/G,171:G/G,172:G/G",111.0,C/C
2925,28,IGHV1-17*01,14067,0.235376044568,memory,"14:C/C,102:A/A,110:C/C,131:G/G,140:C/C,143:C/C,147:G/G,148:G/G,171:G/G,172:G/G",111.0,C/C
2934,29,IGHV1-17*01,14067,0.242413106129,background,"14:C/C,102:A/A,110:C/C,131:G/G,140:C/C,143:C/C,147:G/G,148:G/G,171:G/G,172:G/G",111.0,C/C
2943,30,IGHV1-17*01,14067,0.23255963349300002,stimulated,"14:C/C,102:A/A,110:C/C,131:G/G,140:C/C,143:C/C,147:G/G,148:G/G,171:G/G,172:G/G",111.0,C/C
2961,32,IGHV1-17*01,14009,0.0875,memory,"14:C/C,102:A/A,110:C/C,131:G/G,140:C/C,143:C/C,147:G/G,148:A/G,171:G/G,172:G/G",111.0,C/C
2970,33,IGHV1-17*01,14009,0.112066950302,background,"14:C/C,102:A/A,110:C/C,131:G/G,140:C/C,143:C/C,147:G/G,148:A/G,171:G/G,172:G/G",111.0,C/C
2979,34,IGHV1-17*01,14009,0.10875798096599999,stimulated,"14:C/C,102:A/A,110:C/C,131:G/G,140:C/C,143:C/C,147:G/G,148:A/G,171:G/G,172:G/G",111.0,C/C
3001,48,IGHV1-17*01,14321,0.06519685039369999,memory,"14:C/C,102:A/A,110:C/C,131:T/T,140:G/G,143:T/T,147:G/G,148:A/A,171:G/G,172:G/G",111.0,C/C
3010,49,IGHV1-17*01,14321,0.0798775912108,background,"14:C/C,102:A/A,110:C/C,131:T/T,140:G/G,143:T/T,147:G/G,148:A/A,171:G/G,172:G/G",111.0,C/C
3019,50,IGHV1-17*01,14321,0.08450451848660001,stimulated,"14:C/C,102:A/A,110:C/C,131:T/T,140:G/G,143:T/T,147:G/G,148:A/A,171:G/G,172:G/G",111.0,C/C
3037,32,IGHV1-17*01,14297,0.247119078105,memory,"14:C/C,102:A/A,110:C/C,131:G/G,140:C/C,143:C/C,147:G/G,148:G/G,171:G/G,172:G/G",111.0,C/C
3046,33,IGHV1-17*01,14297,0.253601369904,background,"14:C/C,102:A/A,110:C/C,131:G/G,140:C/C,143:C/C,147:G/G,148:G/G,171:G/G,172:G/G",111.0,C/C
3055,34,IGHV1-17*01,14297,0.23091152208000001,stimulated,"14:C/C,102:A/A,110:C/C,131:G/G,140:C/C,143:C/C,147:G/G,148:G/G,171:G/G,172:G/G",111.0,C/C
3077,48,IGHV1-17*01,14019,0.16849148418499998,memory,"14:C/C,102:A/A,110:C/C,131:G/G,140:C/C,143:C/C,147:G/G,148:G/G,171:G/G,172:G/G",111.0,C/C
3086,49,IGHV1-17*01,14019,0.192916787231,background,"14:C/C,102:A/A,110:C/C,131:G/G,140:C/C,143:C/C,147:G/G,148:G/G,171:G/G,172:G/G",111.0,C/C
3095,50,IGHV1-17*01,14019,0.189737536343,stimulated,"14:C/C,102:A/A,110:C/C,131:G/G,140:C/C,143:C/C,147:G/G,148:G/G,171:G/G,172:G/G",111.0,C/C
3113,32,IGHV1-17*01,14145,0.200260078023,memory,"14:C/C,102:A/A,110:C/C,131:G/G,140:C/C,143:C/C,147:G/G,148:G/G,171:G/G,172:G/G",111.0,C/C
3122,33,IGHV1-17*01,14145,0.20566764074700003,background,"14:C/C,102:A/A,110:C/C,131:G/G,140:C/C,143:C/C,147:G/G,148:G/G,171:G/G,172:G/G",111.0,C/C
3131,34,IGHV1-17*01,14145,0.19462958767900002,stimulated,"14:C/C,102:A/A,110:C/C,131:G/G,140:C/C,143:C/C,147:G/G,148:G/G,171:G/G,172:G/G",111.0,C/C
3149,32,IGHV1-17*01,14293,0.205024311183,memory,"14:C/C,102:A/A,110:C/C,131:G/G,140:C/C,143:C/C,147:G/G,148:G/G,171:G/G,172:G/G",111.0,C/C
3158,33,IGHV1-17*01,14293,0.22700881215799998,background,"14:C/C,102:A/A,110:C/C,131:G/G,140:C/C,143:C/C,147:G/G,148:G/G,171:G/G,172:G/G",111.0,C/C
3167,34,IGHV1-17*01,14293,0.212906794857,stimulated,"14:C/C,102:A/A,110:C/C,131:G/G,140:C/C,143:C/C,147:G/G,148:G/G,171:G/G,172:G/G",111.0,C/C
3193,32,IGHV1-17*01,14279,0.154624277457,memory,"14:C/C,102:A/A,110:C/C,131:G/G,140:C/C,143:C/C,147:G/G,148:G/G,171:G/G,172:G/G",111.0,C/C
3202,33,IGHV1-17*01,14279,0.17129989959199998,background,"14:C/C,102:A/A,110:C/C,131:G/G,140:C/C,143:C/C,147:G/G,148:G/G,171:G/G,172:G/G",111.0,C/C
3211,34,IGHV1-17*01,14279,0.165750471979,stimulated,"14:C/C,102:A/A,110:C/C,131:G/G,140:C/C,143:C/C,147:G/G,148:G/G,171:G/G,172:G/G",111.0,C/C
3233,28,IGHV1-17*01,14459,0.08649093904449999,memory,"14:C/C,102:A/A,110:C/C,131:T/T,140:G/G,143:T/T,147:G/G,148:A/A,171:G/G,172:G/G",111.0,C/C
3242,29,IGHV1-17*01,14459,0.119836565973,background,"14:C/C,102:A/A,110:C/C,131:T/T,140:G/G,143:T/T,147:G/G,148:A/A,171:G/G,172:G/G",111.0,C/C
3251,30,IGHV1-17*01,14459,0.105648881012,stimulated,"14:C/C,102:A/A,110:C/C,131:T/T,140:G/G,143:T/T,147:G/G,148:A/A,171:G/G,172:G/G",111.0,C/C
3269,32,IGHV1-17*01,14437,0.0855920114123,memory,"14:C/C,102:A/A,110:C/C,131:G/G,140:C/C,143:C/C,147:G/G,148:A/G,171:G/G,172:G/G",111.0,C/C
3278,33,IGHV1-17*01,14437,0.105077716603,background,"14:C/C,102:A/A,110:C/C,131:G/G,140:C/C,143:C/C,147:G/G,148:A/G,171:G/G,172:G/G",111.0,C/C
3287,34,IGHV1-17*01,14437,0.107380006458,stimulated,"14:C/C,102:A/A,110:C/C,131:G/G,140:C/C,143:C/C,147:G/G,148:A/G,171:G/G,172:G/G",111.0,C/C
3305,48,IGHV1-17*01,14275,0.222317596567,memory,"14:C/C,102:A/A,110:C/C,131:G/G,140:C/C,143:C/C,147:G/G,148:G/G,171:G/G,172:G/G",111.0,C/C
3314,49,IGHV1-17*01,14275,0.26933911636700003,background,"14:C/C,102:A/A,110:C/C,131:G/G,140:C/C,143:C/C,147:G/G,148:G/G,171:G/G,172:G/G",111.0,C/C
3323,50,IGHV1-17*01,14275,0.24104412407200002,stimulated,"14:C/C,102:A/A,110:C/C,131:G/G,140:C/C,143:C/C,147:G/G,148:G/G,171:G/G,172:G/G",111.0,C/C
3341,44,IGHV1-17*01,14347,0.264204545455,memory,"14:C/C,102:A/A,110:C/C,131:G/G,140:C/C,143:C/C,147:G/G,148:G/G,171:G/G,172:G/G",111.0,C/C
3350,45,IGHV1-17*01,14347,0.220532698466,background,"14:C/C,102:A/A,110:C/C,131:G/G,140:C/C,143:C/C,147:G/G,148:G/G,171:G/G,172:G/G",111.0,C/C
3359,46,IGHV1-17*01,14347,0.228327804399,stimulated,"14:C/C,102:A/A,110:C/C,131:G/G,140:C/C,143:C/C,147:G/G,148:G/G,171:G/G,172:G/G",111.0,C/C
3377,28,IGHV1-17*01,14329,0.09429280397019998,memory,"14:C/C,102:A/A,110:C/C,131:G/G,140:C/C,143:C/C,147:G/G,148:A/G,171:G/G,172:G/G",111.0,C/C
3386,29,IGHV1-17*01,14329,0.118928463514,background,"14:C/C,102:A/A,110:C/C,131:G/G,140:C/C,143:C/C,147:G/G,148:A/G,171:G/G,172:G/G",111.0,C/C
3395,30,IGHV1-17*01,14329,0.11335002166500001,stimulated,"14:C/C,102:A/A,110:C/C,131:G/G,140:C/C,143:C/C,147:G/G,148:A/G,171:G/G,172:G/G",111.0,C/C
3413,48,IGHV1-17*01,14123,0.262872628726,memory,"14:C/C,102:A/A,110:C/C,131:G/G,140:C/C,143:C/C,147:G/G,148:G/G,171:G/G,172:G/G",111.0,C/C
3422,49,IGHV1-17*01,14123,0.265060240964,background,"14:C/C,102:A/A,110:C/C,131:G/G,140:C/C,143:C/C,147:G/G,148:G/G,171:G/G,172:G/G",111.0,C/C
3431,50,IGHV1-17*01,14123,0.25278472306,stimulated,"14:C/C,102:A/A,110:C/C,131:G/G,140:C/C,143:C/C,147:G/G,148:G/G,171:G/G,172:G/G",111.0,C/C
3449,28,IGHV1-17*01,14095,0.151694915254,memory,"14:C/C,102:A/A,110:C/C,131:G/G,140:C/C,143:C/C,147:G/G,148:G/G,171:G/G,172:G/G",111.0,C/C
3458,29,IGHV1-17*01,14095,0.17573281311500002,background,"14:C/C,102:A/A,110:C/C,131:G/G,140:C/C,143:C/C,147:G/G,148:G/G,171:G/G,172:G/G",111.0,C/C
3467,30,IGHV1-17*01,14095,0.177420023161,stimulated,"14:C/C,102:A/A,110:C/C,131:G/G,140:C/C,143:C/C,147:G/G,148:G/G,171:G/G,172:G/G",111.0,C/C
3485,48,IGHV1-17*01,14271,0.196875,memory,"14:C/C,102:A/A,110:C/C,131:G/G,140:C/G,143:C/T,147:G/G,148:A/G,171:G/G,172:G/G",111.0,C/C
3494,49,IGHV1-17*01,14271,0.209692751382,background,"14:C/C,102:A/A,110:C/C,131:G/G,140:C/G,143:C/T,147:G/G,148:A/G,171:G/G,172:G/G",111.0,C/C
3503,50,IGHV1-17*01,14271,0.196566426184,stimulated,"14:C/C,102:A/A,110:C/C,131:G/G,140:C/G,143:C/T,147:G/G,148:A/G,171:G/G,172:G/G",111.0,C/C
3521,32,IGHV1-17*01,14433,0.19289340101500002,memory,"14:C/C,102:A/A,110:C/C,131:G/G,140:C/C,143:C/C,147:G/G,148:G/G,171:G/G,172:G/G",111.0,C/C
3530,33,IGHV1-17*01,14433,0.20618982852,background,"14:C/C,102:A/A,110:C/C,131:G/G,140:C/C,143:C/C,147:G/G,148:G/G,171:G/G,172:G/G",111.0,C/C
3539,34,IGHV1-17*01,14433,0.1954595125,stimulated,"14:C/C,102:A/A,110:C/C,131:G/G,140:C/C,143:C/C,147:G/G,148:G/G,171:G/G,172:G/G",111.0,C/C
3561,32,IGHV1-17*01,14149,0.207718501703,memory,"14:C/C,102:A/A,110:C/C,131:G/G,140:C/C,143:C/C,147:G/G,148:A/G,171:G/G,172:G/G",111.0,C/C
3570,33,IGHV1-17*01,14149,0.231513787947,background,"14:C/C,102:A/A,110:C/C,131:G/G,140:C/C,143:C/C,147:G/G,148:A/G,171:G/G,172:G/G",111.0,C/C
3579,34,IGHV1-17*01,14149,0.22308068971,stimulated,"14:C/C,102:A/A,110:C/C,131:G/G,140:C/C,143:C/C,147:G/G,148:A/G,171:G/G,172:G/G",111.0,C/C
3597,32,IGHV1-17*01,14091,0.19084423305599998,memory,"14:C/C,102:A/A,110:C/C,131:G/G,140:C/C,143:C/C,147:G/G,148:G/G,171:G/G,172:G/G",111.0,C/C
3606,33,IGHV1-17*01,14091,0.221112856181,background,"14:C/C,102:A/A,110:C/C,131:G/G,140:C/C,143:C/C,147:G/G,148:G/G,171:G/G,172:G/G",111.0,C/C
3615,34,IGHV1-17*01,14091,0.206656364917,stimulated,"14:C/C,102:A/A,110:C/C,131:G/G,140:C/C,143:C/C,147:G/G,148:G/G,171:G/G,172:G/G",111.0,C/C
3633,28,IGHV1-17*01,14127,0.177133655395,memory,"14:C/C,102:A/A,110:C/C,131:G/G,140:C/C,143:C/C,147:G/G,148:G/G,171:G/G,172:G/G",111.0,C/C
3642,29,IGHV1-17*01,14127,0.218209427741,background,"14:C/C,102:A/A,110:C/C,131:G/G,140:C/C,143:C/C,147:G/G,148:G/G,171:G/G,172:G/G",111.0,C/C
3651,30,IGHV1-17*01,14127,0.21565371707699998,stimulated,"14:C/C,102:A/A,110:C/C,131:G/G,140:C/C,143:C/C,147:G/G,148:G/G,171:G/G,172:G/G",111.0,C/C
3669,32,IGHV1-17*01,14015,0.0750695088044,memory,"14:C/C,102:A/A,110:C/C,131:T/T,140:G/G,143:T/T,147:G/G,148:A/A,171:G/G,172:G/G",111.0,C/C
3678,33,IGHV1-17*01,14015,0.101473322507,background,"14:C/C,102:A/A,110:C/C,131:T/T,140:G/G,143:T/T,147:G/G,148:A/A,171:G/G,172:G/G",111.0,C/C
3687,34,IGHV1-17*01,14015,0.10664685720799999,stimulated,"14:C/C,102:A/A,110:C/C,131:T/T,140:G/G,143:T/T,147:G/G,148:A/A,171:G/G,172:G/G",111.0,C/C
3705,28,IGHV1-17*01,14065,0.195667870036,memory,"14:C/C,102:A/A,110:C/C,131:G/G,140:C/C,143:C/C,147:G/G,148:G/G,171:G/G,172:G/G",111.0,C/C
3714,29,IGHV1-17*01,14065,0.19043684808400002,background,"14:C/C,102:A/A,110:C/C,131:G/G,140:C/C,143:C/C,147:G/G,148:G/G,171:G/G,172:G/G",111.0,C/C
3723,30,IGHV1-17*01,14065,0.188740305056,stimulated,"14:C/C,102:A/A,110:C/C,131:G/G,140:C/C,143:C/C,147:G/G,148:G/G,171:G/G,172:G/G",111.0,C/C
3741,32,IGHV1-17*01,14139,0.213627992634,memory,"14:C/C,102:A/A,110:C/C,131:G/G,140:C/C,143:C/C,147:G/G,148:G/G,171:G/G,172:G/G",111.0,C/C
3750,33,IGHV1-17*01,14139,0.215811864275,background,"14:C/C,102:A/A,110:C/C,131:G/G,140:C/C,143:C/C,147:G/G,148:G/G,171:G/G,172:G/G",111.0,C/C
3759,34,IGHV1-17*01,14139,0.19389547571199997,stimulated,"14:C/C,102:A/A,110:C/C,131:G/G,140:C/C,143:C/C,147:G/G,148:G/G,171:G/G,172:G/G",111.0,C/C
3777,48,IGHV1-17*01,14157,0.0994594594595,memory,"14:C/C,102:A/A,110:C/C,131:T/T,140:G/G,143:T/T,147:G/G,148:A/A,171:G/G,172:G/G",111.0,C/C
3786,49,IGHV1-17*01,14157,0.100812842797,background,"14:C/C,102:A/A,110:C/C,131:T/T,140:G/G,143:T/T,147:G/G,148:A/A,171:G/G,172:G/G",111.0,C/C
3795,50,IGHV1-17*01,14157,0.09179592629769999,stimulated,"14:C/C,102:A/A,110:C/C,131:T/T,140:G/G,143:T/T,147:G/G,148:A/A,171:G/G,172:G/G",111.0,C/C
3813,32,IGHV1-17*01,14285,0.263852242744,memory,"14:C/C,102:A/A,110:C/C,131:G/G,140:C/C,143:C/C,147:G/G,148:G/G,171:G/G,172:G/G",111.0,C/C
3822,33,IGHV1-17*01,14285,0.256255789073,background,"14:C/C,102:A/A,110:C/C,131:G/G,140:C/C,143:C/C,147:G/G,148:G/G,171:G/G,172:G/G",111.0,C/C
3831,34,IGHV1-17*01,14285,0.247964208556,stimulated,"14:C/C,102:A/A,110:C/C,131:G/G,140:C/C,143:C/C,147:G/G,148:G/G,171:G/G,172:G/G",111.0,C/C
3849,48,IGHV1-17*01,14333,0.222464558342,memory,"14:C/C,102:A/A,110:C/C,131:G/G,140:C/C,143:C/C,147:G/G,148:G/G,171:G/G,172:G/G",111.0,C/C
3858,49,IGHV1-17*01,14333,0.24859264813700002,background,"14:C/C,102:A/A,110:C/C,131:G/G,140:C/C,143:C/C,147:G/G,148:G/G,171:G/G,172:G/G",111.0,C/C
3867,50,IGHV1-17*01,14333,0.23259446672200002,stimulated,"14:C/C,102:A/A,110:C/C,131:G/G,140:C/C,143:C/C,147:G/G,148:G/G,171:G/G,172:G/G",111.0,C/C
3885,28,IGHV1-17*01,14201,0.19896640826900003,memory,"14:C/C,102:A/A,110:C/C,131:G/G,140:C/C,143:C/C,147:G/G,148:G/G,171:G/G,172:G/G",111.0,C/C
3894,29,IGHV1-17*01,14201,0.194605589868,background,"14:C/C,102:A/A,110:C/C,131:G/G,140:C/C,143:C/C,147:G/G,148:G/G,171:G/G,172:G/G",111.0,C/C
3903,30,IGHV1-17*01,14201,0.205565737164,stimulated,"14:C/C,102:A/A,110:C/C,131:G/G,140:C/C,143:C/C,147:G/G,148:G/G,171:G/G,172:G/G",111.0,C/C
3921,48,IGHV1-17*01,14061,0.06732891832230001,memory,"14:C/C,102:A/A,110:C/C,131:T/T,140:G/G,143:T/T,147:G/G,148:A/A,171:G/G,172:G/G",111.0,C/C
3930,49,IGHV1-17*01,14061,0.09271174838780001,background,"14:C/C,102:A/A,110:C/C,131:T/T,140:G/G,143:T/T,147:G/G,148:A/A,171:G/G,172:G/G",111.0,C/C
3939,50,IGHV1-17*01,14061,0.0956091644716,stimulated,"14:C/C,102:A/A,110:C/C,131:T/T,140:G/G,143:T/T,147:G/G,148:A/A,171:G/G,172:G/G",111.0,C/C
3957,28,IGHV1-17*01,14153,0.17885264342,memory,"14:C/C,102:A/A,110:C/C,131:G/G,140:C/G,143:C/T,147:G/G,148:A/G,171:G/G,172:G/G",111.0,C/C
3966,29,IGHV1-17*01,14153,0.200602935343,background,"14:C/C,102:A/A,110:C/C,131:G/G,140:C/G,143:C/T,147:G/G,148:A/G,171:G/G,172:G/G",111.0,C/C
3975,30,IGHV1-17*01,14153,0.19380233171300001,stimulated,"14:C/C,102:A/A,110:C/C,131:G/G,140:C/G,143:C/T,147:G/G,148:A/G,171:G/G,172:G/G",111.0,C/C
3997,44,IGHV1-17*01,14359,0.181996086106,memory,"14:C/C,102:A/A,110:C/C,131:G/G,140:C/C,143:C/C,147:G/G,148:G/G,171:G/G,172:G/G",111.0,C/C
4006,45,IGHV1-17*01,14359,0.18698023294799998,background,"14:C/C,102:A/A,110:C/C,131:G/G,140:C/C,143:C/C,147:G/G,148:G/G,171:G/G,172:G/G",111.0,C/C
4015,46,IGHV1-17*01,14359,0.18977519218,stimulated,"14:C/C,102:A/A,110:C/C,131:G/G,140:C/C,143:C/C,147:G/G,148:G/G,171:G/G,172:G/G",111.0,C/C
4037,32,IGHV1-17*01,14429,0.245862884161,memory,"14:C/C,102:A/A,110:C/C,131:G/G,140:C/C,143:C/C,147:G/G,148:G/G,171:G/G,172:G/G",111.0,C/C
4046,33,IGHV1-17*01,14429,0.249538634776,background,"14:C/C,102:A/A,110:C/C,131:G/G,140:C/C,143:C/C,147:G/G,148:G/G,171:G/G,172:G/G",111.0,C/C
4055,34,IGHV1-17*01,14429,0.264908658902,stimulated,"14:C/C,102:A/A,110:C/C,131:G/G,140:C/C,143:C/C,147:G/G,148:G/G,171:G/G,172:G/G",111.0,C/C
4077,44,IGHV1-17*01,14267,0.221818181818,memory,"14:C/C,102:A/A,110:C/C,131:G/G,140:C/C,143:C/C,147:G/G,148:G/G,171:G/G,172:G/G",111.0,C/C
4086,45,IGHV1-17*01,14267,0.278332554098,background,"14:C/C,102:A/A,110:C/C,131:G/G,140:C/C,143:C/C,147:G/G,148:G/G,171:G/G,172:G/G",111.0,C/C
4095,46,IGHV1-17*01,14267,0.26283089454,stimulated,"14:C/C,102:A/A,110:C/C,131:G/G,140:C/C,143:C/C,147:G/G,148:G/G,171:G/G,172:G/G",111.0,C/C
4113,32,IGHV1-17*01,14425,0.182994454713,memory,"14:C/C,102:A/A,110:C/C,131:G/G,140:C/C,143:C/C,147:G/G,148:G/G,171:G/G,172:G/G",111.0,C/C
4122,33,IGHV1-17*01,14425,0.200569246184,background,"14:C/C,102:A/A,110:C/C,131:G/G,140:C/C,143:C/C,147:G/G,148:G/G,171:G/G,172:G/G",111.0,C/C
4131,34,IGHV1-17*01,14425,0.205138511858,stimulated,"14:C/C,102:A/A,110:C/C,131:G/G,140:C/C,143:C/C,147:G/G,148:G/G,171:G/G,172:G/G",111.0,C/C
4149,32,IGHV1-17*01,14209,0.225263981228,memory,"14:C/C,102:A/A,110:C/C,131:G/G,140:C/C,143:C/C,147:G/G,148:A/G,171:G/G,172:G/G",111.0,C/C
4158,33,IGHV1-17*01,14209,0.22190518620000002,background,"14:C/C,102:A/A,110:C/C,131:G/G,140:C/C,143:C/C,147:G/G,148:A/G,171:G/G,172:G/G",111.0,C/C
4167,34,IGHV1-17*01,14209,0.215897006476,stimulated,"14:C/C,102:A/A,110:C/C,131:G/G,140:C/C,143:C/C,147:G/G,148:A/G,171:G/G,172:G/G",111.0,C/C
4185,28,IGHV1-17*01,14355,0.19367588932799998,memory,"14:C/C,102:A/A,110:C/C,131:G/G,140:C/C,143:C/C,147:G/G,148:G/G,171:G/G,172:G/G",111.0,C/C
4194,29,IGHV1-17*01,14355,0.20650219986200002,background,"14:C/C,102:A/A,110:C/C,131:G/G,140:C/C,143:C/C,147:G/G,148:G/G,171:G/G,172:G/G",111.0,C/C
4203,30,IGHV1-17*01,14355,0.20999587511,stimulated,"14:C/C,102:A/A,110:C/C,131:G/G,140:C/C,143:C/C,147:G/G,148:G/G,171:G/G,172:G/G",111.0,C/C
4221,32,IGHV1-17*01,14135,0.21668597914299997,memory,"14:C/C,102:A/A,110:C/C,131:G/G,140:C/C,143:C/C,147:G/G,148:G/G,171:G/G,172:G/G",111.0,C/C
4230,33,IGHV1-17*01,14135,0.215542102687,background,"14:C/C,102:A/A,110:C/C,131:G/G,140:C/C,143:C/C,147:G/G,148:G/G,171:G/G,172:G/G",111.0,C/C
4239,34,IGHV1-17*01,14135,0.209893257227,stimulated,"14:C/C,102:A/A,110:C/C,131:G/G,140:C/C,143:C/C,147:G/G,148:G/G,171:G/G,172:G/G",111.0,C/C
4261,48,IGHV1-17*01,14069,0.251468860165,memory,"14:C/C,102:A/A,110:C/C,131:G/G,140:C/C,143:C/C,147:G/G,148:G/G,171:G/G,172:G/G",111.0,C/C
4270,49,IGHV1-17*01,14069,0.26947354740400004,background,"14:C/C,102:A/A,110:C/C,131:G/G,140:C/C,143:C/C,147:G/G,148:G/G,171:G/G,172:G/G",111.0,C/C
4279,50,IGHV1-17*01,14069,0.263616911497,stimulated,"14:C/C,102:A/A,110:C/C,131:G/G,140:C/C,143:C/C,147:G/G,148:G/G,171:G/G,172:G/G",111.0,C/C
4301,32,IGHV1-17*01,14421,0.19569892473099998,memory,"14:C/C,102:A/A,110:C/C,131:G/G,140:C/C,143:C/C,147:G/G,148:G/G,171:G/G,172:G/G",111.0,C/C
4310,33,IGHV1-17*01,14421,0.198482430053,background,"14:C/C,102:A/A,110:C/C,131:G/G,140:C/C,143:C/C,147:G/G,148:G/G,171:G/G,172:G/G",111.0,C/C
4319,34,IGHV1-17*01,14421,0.205625359794,stimulated,"14:C/C,102:A/A,110:C/C,131:G/G,140:C/C,143:C/C,147:G/G,148:G/G,171:G/G,172:G/G",111.0,C/C
4337,32,IGHV1-17*01,14263,0.199111111111,memory,"14:C/C,102:A/A,110:C/C,131:G/G,140:C/C,143:C/C,147:G/G,148:G/G,171:G/G,172:G/G",111.0,C/C
4346,33,IGHV1-17*01,14263,0.229069139359,background,"14:C/C,102:A/A,110:C/C,131:G/G,140:C/C,143:C/C,147:G/G,148:G/G,171:G/G,172:G/G",111.0,C/C
4355,34,IGHV1-17*01,14263,0.242944128569,stimulated,"14:C/C,102:A/A,110:C/C,131:G/G,140:C/C,143:C/C,147:G/G,148:G/G,171:G/G,172:G/G",111.0,C/C
4373,44,IGHV1-17*01,14289,0.21668909825,memory,"14:C/C,102:A/A,110:C/C,131:G/G,140:C/C,143:C/C,147:G/G,148:G/G,171:G/G,172:G/G",111.0,C/C
4382,45,IGHV1-17*01,14289,0.230220661777,background,"14:C/C,102:A/A,110:C/C,131:G/G,140:C/C,143:C/C,147:G/G,148:G/G,171:G/G,172:G/G",111.0,C/C
4391,46,IGHV1-17*01,14289,0.219426407595,stimulated,"14:C/C,102:A/A,110:C/C,131:G/G,140:C/C,143:C/C,147:G/G,148:G/G,171:G/G,172:G/G",111.0,C/C
4413,44,IGHV1-17*01,14385,0.22848200313,memory,"14:C/C,102:A/A,110:C/C,131:G/G,140:C/C,143:C/C,147:G/G,148:G/G,171:G/G,172:G/G",111.0,C/C
4422,45,IGHV1-17*01,14385,0.254628723736,background,"14:C/C,102:A/A,110:C/C,131:G/G,140:C/C,143:C/C,147:G/G,148:G/G,171:G/G,172:G/G",111.0,C/C
4431,46,IGHV1-17*01,14385,0.247760917354,stimulated,"14:C/C,102:A/A,110:C/C,131:G/G,140:C/C,143:C/C,147:G/G,148:G/G,171:G/G,172:G/G",111.0,C/C
4449,28,IGHV1-17*01,14471,0.133891213389,memory,"14:C/C,102:A/A,110:C/C,131:G/G,140:C/C,143:C/C,147:G/G,148:A/G,171:G/G,172:G/G",111.0,C/C
4458,29,IGHV1-17*01,14471,0.151728530059,background,"14:C/C,102:A/A,110:C/C,131:G/G,140:C/C,143:C/C,147:G/G,148:A/G,171:G/G,172:G/G",111.0,C/C
4467,30,IGHV1-17*01,14471,0.154033053226,stimulated,"14:C/C,102:A/A,110:C/C,131:G/G,140:C/C,143:C/C,147:G/G,148:A/G,171:G/G,172:G/G",111.0,C/C
4485,32,IGHV1-17*01,14233,0.0794701986755,memory,"14:C/C,102:A/A,110:A/A,131:G/G,140:G/G,143:T/T,147:G/G,148:A/A,171:G/G,172:G/G",111.0,A/A
4494,33,IGHV1-17*01,14233,0.110341359061,background,"14:C/C,102:A/A,110:A/A,131:G/G,140:G/G,143:T/T,147:G/G,148:A/A,171:G/G,172:G/G",111.0,A/A
4503,34,IGHV1-17*01,14233,0.09720984893,stimulated,"14:C/C,102:A/A,110:A/A,131:G/G,140:G/G,143:T/T,147:G/G,148:A/A,171:G/G,172:G/G",111.0,A/A
4521,32,IGHV1-17*01,14301,0.073500967118,memory,"14:C/C,102:A/A,110:A/A,131:G/G,140:G/G,143:T/T,147:G/G,148:A/A,171:G/G,172:G/G",111.0,A/A
4530,33,IGHV1-17*01,14301,0.11327592270199999,background,"14:C/C,102:A/A,110:A/A,131:G/G,140:G/G,143:T/T,147:G/G,148:A/A,171:G/G,172:G/G",111.0,A/A
4539,34,IGHV1-17*01,14301,0.105800774407,stimulated,"14:C/C,102:A/A,110:A/A,131:G/G,140:G/G,143:T/T,147:G/G,148:A/A,171:G/G,172:G/G",111.0,A/A
4561,48,IGHV1-17*01,14039,0.18406805877799998,memory,"14:C/C,102:A/A,110:C/C,131:G/G,140:C/C,143:C/C,147:G/G,148:A/G,171:G/G,172:G/G",111.0,C/C
4570,49,IGHV1-17*01,14039,0.187308852809,background,"14:C/C,102:A/A,110:C/C,131:G/G,140:C/C,143:C/C,147:G/G,148:A/G,171:G/G,172:G/G",111.0,C/C
4579,50,IGHV1-17*01,14039,0.186757291467,stimulated,"14:C/C,102:A/A,110:C/C,131:G/G,140:C/C,143:C/C,147:G/G,148:A/G,171:G/G,172:G/G",111.0,C/C
4597,32,IGHV1-17*01,14057,0.24731595091999997,memory,"14:C/C,102:A/A,110:C/C,131:G/G,140:C/C,143:C/C,147:G/G,148:G/G,171:G/G,172:G/G",111.0,C/C
4606,33,IGHV1-17*01,14057,0.261169273095,background,"14:C/C,102:A/A,110:C/C,131:G/G,140:C/C,143:C/C,147:G/G,148:G/G,171:G/G,172:G/G",111.0,C/C
4615,34,IGHV1-17*01,14057,0.242871470807,stimulated,"14:C/C,102:A/A,110:C/C,131:G/G,140:C/C,143:C/C,147:G/G,148:G/G,171:G/G,172:G/G",111.0,C/C
4637,32,IGHV1-17*01,14475,0.16220735785999998,memory,"14:C/C,102:A/A,110:C/C,131:G/G,140:C/C,143:C/C,147:G/G,148:G/G,171:G/G,172:G/G",111.0,C/C
4646,33,IGHV1-17*01,14475,0.17298769512,background,"14:C/C,102:A/A,110:C/C,131:G/G,140:C/C,143:C/C,147:G/G,148:G/G,171:G/G,172:G/G",111.0,C/C
4655,34,IGHV1-17*01,14475,0.17442482995499997,stimulated,"14:C/C,102:A/A,110:C/C,131:G/G,140:C/C,143:C/C,147:G/G,148:G/G,171:G/G,172:G/G",111.0,C/C
4673,32,IGHV1-17*01,14259,0.218032786885,memory,"14:C/C,102:A/A,110:C/C,131:G/G,140:C/C,143:C/C,147:G/G,148:A/G,171:G/G,172:G/G",111.0,C/C
4682,33,IGHV1-17*01,14259,0.228279043781,background,"14:C/C,102:A/A,110:C/C,131:G/G,140:C/C,143:C/C,147:G/G,148:A/G,171:G/G,172:G/G",111.0,C/C
4691,34,IGHV1-17*01,14259,0.233569432228,stimulated,"14:C/C,102:A/A,110:C/C,131:G/G,140:C/C,143:C/C,147:G/G,148:A/G,171:G/G,172:G/G",111.0,C/C
4709,28,IGHV1-17*01,14381,0.08452454940960001,memory,"14:C/C,102:A/A,110:C/C,131:T/T,140:G/G,143:T/T,147:G/G,148:A/A,171:G/G,172:G/G",111.0,C/C
4718,29,IGHV1-17*01,14381,0.105424243332,background,"14:C/C,102:A/A,110:C/C,131:T/T,140:G/G,143:T/T,147:G/G,148:A/A,171:G/G,172:G/G",111.0,C/C
4727,30,IGHV1-17*01,14381,0.10005415997400001,stimulated,"14:C/C,102:A/A,110:C/C,131:T/T,140:G/G,143:T/T,147:G/G,148:A/A,171:G/G,172:G/G",111.0,C/C
4745,44,IGHV1-17*01,14305,0.227156712608,memory,"14:C/C,102:A/A,110:C/C,131:G/G,140:C/C,143:C/C,147:G/G,148:G/G,171:G/G,172:G/G",111.0,C/C
4754,45,IGHV1-17*01,14305,0.21173068706300002,background,"14:C/C,102:A/A,110:C/C,131:G/G,140:C/C,143:C/C,147:G/G,148:G/G,171:G/G,172:G/G",111.0,C/C
4763,46,IGHV1-17*01,14305,0.20794308779800003,stimulated,"14:C/C,102:A/A,110:C/C,131:G/G,140:C/C,143:C/C,147:G/G,148:G/G,171:G/G,172:G/G",111.0,C/C
4781,32,IGHV1-17*01,14161,0.181818181818,memory,"14:C/C,102:A/A,110:C/C,131:G/G,140:C/C,143:C/C,147:G/G,148:G/G,171:G/G,172:G/G",111.0,C/C
4790,33,IGHV1-17*01,14161,0.187766101499,background,"14:C/C,102:A/A,110:C/C,131:G/G,140:C/C,143:C/C,147:G/G,148:G/G,171:G/G,172:G/G",111.0,C/C
4799,34,IGHV1-17*01,14161,0.184868612652,stimulated,"14:C/C,102:A/A,110:C/C,131:G/G,140:C/C,143:C/C,147:G/G,148:G/G,171:G/G,172:G/G",111.0,C/C
4817,28,IGHV1-17*01,14053,0.285899094437,memory,"14:C/C,102:A/A,110:C/C,131:G/G,140:C/C,143:C/C,147:G/G,148:G/G,171:G/G,172:G/G",111.0,C/C
4826,29,IGHV1-17*01,14053,0.289135819266,background,"14:C/C,102:A/A,110:C/C,131:G/G,140:C/C,143:C/C,147:G/G,148:G/G,171:G/G,172:G/G",111.0,C/C
4835,30,IGHV1-17*01,14053,0.269450695075,stimulated,"14:C/C,102:A/A,110:C/C,131:G/G,140:C/C,143:C/C,147:G/G,148:G/G,171:G/G,172:G/G",111.0,C/C
4853,32,IGHV1-17*01,14367,0.17680608364999997,memory,"14:C/C,102:A/A,110:C/C,131:G/G,140:C/C,143:C/C,147:G/G,148:G/G,171:G/G,172:G/G",111.0,C/C
4862,33,IGHV1-17*01,14367,0.204433015869,background,"14:C/C,102:A/A,110:C/C,131:G/G,140:C/C,143:C/C,147:G/G,148:G/G,171:G/G,172:G/G",111.0,C/C
4871,34,IGHV1-17*01,14367,0.203601302379,stimulated,"14:C/C,102:A/A,110:C/C,131:G/G,140:C/C,143:C/C,147:G/G,148:G/G,171:G/G,172:G/G",111.0,C/C
4897,44,IGHV1-17*01,14255,0.17038102084800003,memory,"14:C/C,102:A/A,110:C/C,131:G/G,140:C/G,143:C/T,147:G/G,148:A/G,171:G/G,172:G/G",111.0,C/C
4906,45,IGHV1-17*01,14255,0.212939594452,background,"14:C/C,102:A/A,110:C/C,131:G/G,140:C/G,143:C/T,147:G/G,148:A/G,171:G/G,172:G/G",111.0,C/C
4915,46,IGHV1-17*01,14255,0.20912460231600002,stimulated,"14:C/C,102:A/A,110:C/C,131:G/G,140:C/G,143:C/T,147:G/G,148:A/G,171:G/G,172:G/G",111.0,C/C
4933,32,IGHV1-17*01,14417,0.19095022624400002,memory,"14:C/C,102:A/A,110:C/C,131:G/G,140:C/G,143:C/T,147:G/G,148:A/G,171:G/G,172:G/G",111.0,C/C
4942,33,IGHV1-17*01,14417,0.217767990903,background,"14:C/C,102:A/A,110:C/C,131:G/G,140:C/G,143:C/T,147:G/G,148:A/G,171:G/G,172:G/G",111.0,C/C
4951,34,IGHV1-17*01,14417,0.20706009929400002,stimulated,"14:C/C,102:A/A,110:C/C,131:G/G,140:C/G,143:C/T,147:G/G,148:A/G,171:G/G,172:G/G",111.0,C/C
4969,48,IGHV1-17*01,14031,0.16676961087099998,memory,"14:C/C,102:A/A,110:C/C,131:G/G,140:C/C,143:C/C,147:G/G,148:G/G,171:G/G,172:G/G",111.0,C/C
4978,49,IGHV1-17*01,14031,0.203515905286,background,"14:C/C,102:A/A,110:C/C,131:G/G,140:C/C,143:C/C,147:G/G,148:G/G,171:G/G,172:G/G",111.0,C/C
4987,50,IGHV1-17*01,14031,0.20291193355300002,stimulated,"14:C/C,102:A/A,110:C/C,131:G/G,140:C/C,143:C/C,147:G/G,148:G/G,171:G/G,172:G/G",111.0,C/C
5005,32,IGHV1-17*01,14103,0.177215189873,memory,"14:C/C,102:A/A,110:C/C,131:G/G,140:C/C,143:C/C,147:G/G,148:G/G,171:G/G,172:G/G",111.0,C/C
5014,33,IGHV1-17*01,14103,0.177605404344,background,"14:C/C,102:A/A,110:C/C,131:G/G,140:C/C,143:C/C,147:G/G,148:G/G,171:G/G,172:G/G",111.0,C/C
5023,34,IGHV1-17*01,14103,0.16851928817,stimulated,"14:C/C,102:A/A,110:C/C,131:G/G,140:C/C,143:C/C,147:G/G,148:G/G,171:G/G,172:G/G",111.0,C/C
5041,28,IGHV1-17*01,14363,0.07394668959589999,memory,"14:C/C,102:A/A,110:C/C,131:G/G,140:C/C,143:C/C,147:G/G,148:A/G,171:G/G,172:G/G",111.0,C/C
5050,29,IGHV1-17*01,14363,0.09989591990289999,background,"14:C/C,102:A/A,110:C/C,131:G/G,140:C/C,143:C/C,147:G/G,148:A/G,171:G/G,172:G/G",111.0,C/C
5059,30,IGHV1-17*01,14363,0.109604995071,stimulated,"14:C/C,102:A/A,110:C/C,131:G/G,140:C/C,143:C/C,147:G/G,148:A/G,171:G/G,172:G/G",111.0,C/C
5077,32,IGHV1-17*01,14389,0.0914798206278,memory,"14:C/C,102:A/A,110:C/C,131:G/G,140:C/C,143:C/C,147:G/G,148:A/G,171:G/G,172:G/G",111.0,C/C
5086,33,IGHV1-17*01,14389,0.100636621249,background,"14:C/C,102:A/A,110:C/C,131:G/G,140:C/C,143:C/C,147:G/G,148:A/G,171:G/G,172:G/G",111.0,C/C
5095,34,IGHV1-17*01,14389,0.107010487064,stimulated,"14:C/C,102:A/A,110:C/C,131:G/G,140:C/C,143:C/C,147:G/G,148:A/G,171:G/G,172:G/G",111.0,C/C
5113,32,IGHV1-17*01,14413,0.160611854685,memory,"14:C/C,102:A/A,110:C/C,131:G/G,140:C/C,143:C/C,147:G/G,148:G/G,171:G/G,172:G/G",111.0,C/C
5122,33,IGHV1-17*01,14413,0.185714402692,background,"14:C/C,102:A/A,110:C/C,131:G/G,140:C/C,143:C/C,147:G/G,148:G/G,171:G/G,172:G/G",111.0,C/C
5131,34,IGHV1-17*01,14413,0.201258481773,stimulated,"14:C/C,102:A/A,110:C/C,131:G/G,140:C/C,143:C/C,147:G/G,148:G/G,171:G/G,172:G/G",111.0,C/C
5149,32,IGHV1-17*01,14251,0.259292035398,memory,"14:C/C,102:A/A,110:C/C,131:G/G,140:C/C,143:C/C,147:G/G,148:G/G,171:G/G,172:G/G",111.0,C/C
5158,33,IGHV1-17*01,14251,0.267239417834,background,"14:C/C,102:A/A,110:C/C,131:G/G,140:C/C,143:C/C,147:G/G,148:G/G,171:G/G,172:G/G",111.0,C/C
5167,34,IGHV1-17*01,14251,0.24991701892700002,stimulated,"14:C/C,102:A/A,110:C/C,131:G/G,140:C/C,143:C/C,147:G/G,148:G/G,171:G/G,172:G/G",111.0,C/C
5185,32,IGHV1-17*01,14035,0.197144799456,memory,"14:C/C,102:A/A,110:C/C,131:G/G,140:C/C,143:C/C,147:G/G,148:G/G,171:G/G,172:G/G",111.0,C/C
5194,33,IGHV1-17*01,14035,0.203648170204,background,"14:C/C,102:A/A,110:C/C,131:G/G,140:C/C,143:C/C,147:G/G,148:G/G,171:G/G,172:G/G",111.0,C/C
5203,34,IGHV1-17*01,14035,0.19689996792599998,stimulated,"14:C/C,102:A/A,110:C/C,131:G/G,140:C/C,143:C/C,147:G/G,148:G/G,171:G/G,172:G/G",111.0,C/C
5225,32,IGHV1-17*01,14169,0.103538663172,memory,"14:C/C,102:A/A,110:A/A,131:G/G,140:G/G,143:T/T,147:G/G,148:A/A,171:G/G,172:G/G",111.0,A/A
5234,33,IGHV1-17*01,14169,0.12946808197,background,"14:C/C,102:A/A,110:A/A,131:G/G,140:G/G,143:T/T,147:G/G,148:A/A,171:G/G,172:G/G",111.0,A/A
5243,34,IGHV1-17*01,14169,0.112030419607,stimulated,"14:C/C,102:A/A,110:A/A,131:G/G,140:G/G,143:T/T,147:G/G,148:A/A,171:G/G,172:G/G",111.0,A/A
5261,28,IGHV1-17*01,14107,0.20032223415699998,memory,"14:C/C,102:A/A,110:C/C,131:G/G,140:C/C,143:C/C,147:G/G,148:G/G,171:G/G,172:G/G",111.0,C/C
5270,29,IGHV1-17*01,14107,0.195189573878,background,"14:C/C,102:A/A,110:C/C,131:G/G,140:C/C,143:C/C,147:G/G,148:G/G,171:G/G,172:G/G",111.0,C/C
5279,30,IGHV1-17*01,14107,0.20213029160999998,stimulated,"14:C/C,102:A/A,110:C/C,131:G/G,140:C/C,143:C/C,147:G/G,148:G/G,171:G/G,172:G/G",111.0,C/C
5297,32,IGHV1-17*01,14119,0.266738660907,memory,"14:C/C,102:A/A,110:C/C,131:G/G,140:C/C,143:C/C,147:G/G,148:G/G,171:G/G,172:G/G",111.0,C/C
5306,33,IGHV1-17*01,14119,0.28758276280699996,background,"14:C/C,102:A/A,110:C/C,131:G/G,140:C/C,143:C/C,147:G/G,148:G/G,171:G/G,172:G/G",111.0,C/C
5315,34,IGHV1-17*01,14119,0.278226219301,stimulated,"14:C/C,102:A/A,110:C/C,131:G/G,140:C/C,143:C/C,147:G/G,148:G/G,171:G/G,172:G/G",111.0,C/C
5333,48,IGHV1-17*01,14177,0.189024390244,memory,"14:C/C,102:A/A,110:C/C,131:G/G,140:C/C,143:C/C,147:G/G,148:G/G,171:G/G,172:G/G",111.0,C/C
5342,49,IGHV1-17*01,14177,0.18844590066300002,background,"14:C/C,102:A/A,110:C/C,131:G/G,140:C/C,143:C/C,147:G/G,148:G/G,171:G/G,172:G/G",111.0,C/C
5351,50,IGHV1-17*01,14177,0.18070690734,stimulated,"14:C/C,102:A/A,110:C/C,131:G/G,140:C/C,143:C/C,147:G/G,148:G/G,171:G/G,172:G/G",111.0,C/C
5373,44,IGHV1-17*01,14221,0.201257861635,memory,"14:C/C,102:A/A,110:C/C,131:G/G,140:C/C,143:C/C,147:G/G,148:G/G,171:G/G,172:G/G",111.0,C/C
5382,45,IGHV1-17*01,14221,0.23188226629500003,background,"14:C/C,102:A/A,110:C/C,131:G/G,140:C/C,143:C/C,147:G/G,148:G/G,171:G/G,172:G/G",111.0,C/C
5391,46,IGHV1-17*01,14221,0.219497143983,stimulated,"14:C/C,102:A/A,110:C/C,131:G/G,140:C/C,143:C/C,147:G/G,148:G/G,171:G/G,172:G/G",111.0,C/C
5409,28,IGHV1-17*01,14313,0.22574796010899997,memory,"14:C/C,102:A/A,110:C/C,131:G/G,140:C/C,143:C/C,147:G/G,148:G/G,171:G/G,172:G/G",111.0,C/C
5418,29,IGHV1-17*01,14313,0.24493982756700003,background,"14:C/C,102:A/A,110:C/C,131:G/G,140:C/C,143:C/C,147:G/G,148:G/G,171:G/G,172:G/G",111.0,C/C
5427,30,IGHV1-17*01,14313,0.24865457143000003,stimulated,"14:C/C,102:A/A,110:C/C,131:G/G,140:C/C,143:C/C,147:G/G,148:G/G,171:G/G,172:G/G",111.0,C/C
5445,28,IGHV1-17*01,14173,0.09990009990010001,memory,"14:C/C,102:A/A,110:A/A,131:G/G,140:G/G,143:T/T,147:G/G,148:A/A,171:G/G,172:G/G",111.0,A/A
5454,29,IGHV1-17*01,14173,0.117133766412,background,"14:C/C,102:A/A,110:A/A,131:G/G,140:G/G,143:T/T,147:G/G,148:A/A,171:G/G,172:G/G",111.0,A/A
5463,30,IGHV1-17*01,14173,0.115477860358,stimulated,"14:C/C,102:A/A,110:A/A,131:G/G,140:G/G,143:T/T,147:G/G,148:A/A,171:G/G,172:G/G",111.0,A/A
5481,28,IGHV1-17*01,14199,0.195762711864,memory,"14:C/C,102:A/A,110:C/C,131:G/G,140:C/C,143:C/C,147:G/G,148:A/G,171:G/G,172:G/G",111.0,C/C
5490,29,IGHV1-17*01,14199,0.21828978001,background,"14:C/C,102:A/A,110:C/C,131:G/G,140:C/C,143:C/C,147:G/G,148:A/G,171:G/G,172:G/G",111.0,C/C
5499,30,IGHV1-17*01,14199,0.203932495224,stimulated,"14:C/C,102:A/A,110:C/C,131:G/G,140:C/C,143:C/C,147:G/G,148:A/G,171:G/G,172:G/G",111.0,C/C
5517,48,IGHV1-17*01,14409,0.18211920529800002,memory,"14:C/C,102:A/A,110:C/C,131:G/G,140:C/C,143:C/C,147:G/G,148:G/G,171:G/G,172:G/G",111.0,C/C
5526,49,IGHV1-17*01,14409,0.182339617566,background,"14:C/C,102:A/A,110:C/C,131:G/G,140:C/C,143:C/C,147:G/G,148:G/G,171:G/G,172:G/G",111.0,C/C
5535,50,IGHV1-17*01,14409,0.189323437449,stimulated,"14:C/C,102:A/A,110:C/C,131:G/G,140:C/C,143:C/C,147:G/G,148:G/G,171:G/G,172:G/G",111.0,C/C
5553,32,IGHV1-17*01,14393,0.196369636964,memory,"14:C/C,102:A/A,110:C/C,131:G/G,140:C/C,143:C/C,147:G/G,148:G/G,171:G/G,172:G/G",111.0,C/C
5562,33,IGHV1-17*01,14393,0.2096924133,background,"14:C/C,102:A/A,110:C/C,131:G/G,140:C/C,143:C/C,147:G/G,148:G/G,171:G/G,172:G/G",111.0,C/C
5571,34,IGHV1-17*01,14393,0.191889749183,stimulated,"14:C/C,102:A/A,110:C/C,131:G/G,140:C/C,143:C/C,147:G/G,148:G/G,171:G/G,172:G/G",111.0,C/C
5589,32,IGHV1-17*01,14467,0.1735218509,memory,"14:C/C,102:A/A,110:C/C,131:G/G,140:C/C,143:C/C,147:G/G,148:G/G,171:G/G,172:G/G",111.0,C/C
5598,33,IGHV1-17*01,14467,0.201155287516,background,"14:C/C,102:A/A,110:C/C,131:G/G,140:C/C,143:C/C,147:G/G,148:G/G,171:G/G,172:G/G",111.0,C/C
5607,34,IGHV1-17*01,14467,0.20742150333,stimulated,"14:C/C,102:A/A,110:C/C,131:G/G,140:C/C,143:C/C,147:G/G,148:G/G,171:G/G,172:G/G",111.0,C/C
5625,32,IGHV1-17*01,14225,0.179112008073,memory,"14:C/C,102:A/A,110:C/C,131:G/G,140:C/C,143:C/C,147:G/G,148:G/G,171:G/G,172:G/G",111.0,C/C
5634,33,IGHV1-17*01,14225,0.21162045162,background,"14:C/C,102:A/A,110:C/C,131:G/G,140:C/C,143:C/C,147:G/G,148:G/G,171:G/G,172:G/G",111.0,C/C
5643,34,IGHV1-17*01,14225,0.206854563957,stimulated,"14:C/C,102:A/A,110:C/C,131:G/G,140:C/C,143:C/C,147:G/G,148:G/G,171:G/G,172:G/G",111.0,C/C
5661,48,IGHV1-17*01,14317,0.183014354067,memory,"14:C/C,102:A/A,110:C/C,131:G/G,140:C/G,143:C/T,147:G/G,148:A/G,171:G/G,172:G/G",111.0,C/C
5670,49,IGHV1-17*01,14317,0.21025124220199998,background,"14:C/C,102:A/A,110:C/C,131:G/G,140:C/G,143:C/T,147:G/G,148:A/G,171:G/G,172:G/G",111.0,C/C
5679,50,IGHV1-17*01,14317,0.204621426511,stimulated,"14:C/C,102:A/A,110:C/C,131:G/G,140:C/G,143:C/T,147:G/G,148:A/G,171:G/G,172:G/G",111.0,C/C
5697,32,IGHV1-17*01,14379,0.20980926430500002,memory,"14:C/C,102:A/A,110:C/C,131:G/G,140:C/C,143:C/C,147:G/G,148:G/G,171:G/G,172:G/G",111.0,C/C
5706,33,IGHV1-17*01,14379,0.207030802702,background,"14:C/C,102:A/A,110:C/C,131:G/G,140:C/C,143:C/C,147:G/G,148:G/G,171:G/G,172:G/G",111.0,C/C
5715,34,IGHV1-17*01,14379,0.220630364828,stimulated,"14:C/C,102:A/A,110:C/C,131:G/G,140:C/C,143:C/C,147:G/G,148:G/G,171:G/G,172:G/G",111.0,C/C
5733,32,IGHV1-17*01,14023,0.118705035971,memory,"14:C/C,102:A/A,110:A/A,131:G/G,140:G/G,143:T/T,147:G/G,148:A/A,171:G/G,172:G/G",111.0,A/A
5742,33,IGHV1-17*01,14023,0.12624651455299998,background,"14:C/C,102:A/A,110:A/A,131:G/G,140:G/G,143:T/T,147:G/G,148:A/A,171:G/G,172:G/G",111.0,A/A
5751,34,IGHV1-17*01,14023,0.121124405454,stimulated,"14:C/C,102:A/A,110:A/A,131:G/G,140:G/G,143:T/T,147:G/G,148:A/A,171:G/G,172:G/G",111.0,A/A
5769,48,IGHV1-17*01,14195,0.21954674221,memory,"14:C/C,102:A/A,110:C/C,131:G/G,140:C/C,143:C/C,147:G/G,148:G/G,171:G/G,172:G/G",111.0,C/C
5778,49,IGHV1-17*01,14195,0.210306791906,background,"14:C/C,102:A/A,110:C/C,131:G/G,140:C/C,143:C/C,147:G/G,148:G/G,171:G/G,172:G/G",111.0,C/C
5787,50,IGHV1-17*01,14195,0.20370767273499998,stimulated,"14:C/C,102:A/A,110:C/C,131:G/G,140:C/C,143:C/C,147:G/G,148:G/G,171:G/G,172:G/G",111.0,C/C
5805,32,IGHV1-17*01,14481,0.174850299401,memory,"14:C/C,102:A/A,110:C/C,131:G/G,140:C/C,143:C/C,147:G/G,148:G/G,171:G/G,172:G/G",111.0,C/C
5814,33,IGHV1-17*01,14481,0.198706428602,background,"14:C/C,102:A/A,110:C/C,131:G/G,140:C/C,143:C/C,147:G/G,148:G/G,171:G/G,172:G/G",111.0,C/C
5823,34,IGHV1-17*01,14481,0.20503544193700002,stimulated,"14:C/C,102:A/A,110:C/C,131:G/G,140:C/C,143:C/C,147:G/G,148:G/G,171:G/G,172:G/G",111.0,C/C
5841,28,IGHV1-17*01,14375,0.0709793351303,memory,"14:C/C,102:A/A,110:C/C,131:T/T,140:G/G,143:T/T,147:G/G,148:A/A,171:G/G,172:G/G",111.0,C/C
5850,29,IGHV1-17*01,14375,0.10820539002999999,background,"14:C/C,102:A/A,110:C/C,131:T/T,140:G/G,143:T/T,147:G/G,148:A/A,171:G/G,172:G/G",111.0,C/C
5859,30,IGHV1-17*01,14375,0.10576348341700001,stimulated,"14:C/C,102:A/A,110:C/C,131:T/T,140:G/G,143:T/T,147:G/G,148:A/A,171:G/G,172:G/G",111.0,C/C
5877,32,IGHV1-17*01,14405,0.166486486486,memory,"14:C/C,102:A/A,110:C/C,131:G/G,140:C/C,143:C/C,147:G/G,148:G/G,171:G/G,172:G/G",111.0,C/C
5886,33,IGHV1-17*01,14405,0.190518446657,background,"14:C/C,102:A/A,110:C/C,131:G/G,140:C/C,143:C/C,147:G/G,148:G/G,171:G/G,172:G/G",111.0,C/C
5895,34,IGHV1-17*01,14405,0.202228708927,stimulated,"14:C/C,102:A/A,110:C/C,131:G/G,140:C/C,143:C/C,147:G/G,148:G/G,171:G/G,172:G/G",111.0,C/C
5913,48,IGHV1-17*01,14247,0.0655307994758,memory,"14:C/C,102:A/A,110:C/C,131:G/G,140:C/C,143:C/C,147:G/G,148:A/G,171:G/G,172:G/G",111.0,C/C
5922,49,IGHV1-17*01,14247,0.104489205945,background,"14:C/C,102:A/A,110:C/C,131:G/G,140:C/C,143:C/C,147:G/G,148:A/G,171:G/G,172:G/G",111.0,C/C
5931,50,IGHV1-17*01,14247,0.10686702727700001,stimulated,"14:C/C,102:A/A,110:C/C,131:G/G,140:C/C,143:C/C,147:G/G,148:A/G,171:G/G,172:G/G",111.0,C/C
5949,32,IGHV1-17*01,14229,0.19137749737100002,memory,"14:C/C,102:A/A,110:C/C,131:G/G,140:C/G,143:C/T,147:G/G,148:A/G,171:G/G,172:G/G",111.0,C/C
5958,33,IGHV1-17*01,14229,0.215414401429,background,"14:C/C,102:A/A,110:C/C,131:G/G,140:C/G,143:C/T,147:G/G,148:A/G,171:G/G,172:G/G",111.0,C/C
5967,34,IGHV1-17*01,14229,0.21299620973000002,stimulated,"14:C/C,102:A/A,110:C/C,131:G/G,140:C/G,143:C/T,147:G/G,148:A/G,171:G/G,172:G/G",111.0,C/C
5985,32,IGHV1-17*01,14027,0.193375547979,memory,"14:C/C,102:A/A,110:C/C,131:G/G,140:C/C,143:C/C,147:G/G,148:G/G,171:G/G,172:G/G",111.0,C/C
5994,33,IGHV1-17*01,14027,0.217541265048,background,"14:C/C,102:A/A,110:C/C,131:G/G,140:C/C,143:C/C,147:G/G,148:G/G,171:G/G,172:G/G",111.0,C/C
6003,34,IGHV1-17*01,14027,0.22183090274599998,stimulated,"14:C/C,102:A/A,110:C/C,131:G/G,140:C/C,143:C/C,147:G/G,148:G/G,171:G/G,172:G/G",111.0,C/C
6021,32,IGHV1-17*01,14115,0.180637544274,memory,"14:C/C,102:A/A,110:C/C,131:G/G,140:C/C,143:C/C,147:G/G,148:G/G,171:G/G,172:G/G",111.0,C/C
6030,33,IGHV1-17*01,14115,0.20310131718600002,background,"14:C/C,102:A/A,110:C/C,131:G/G,140:C/C,143:C/C,147:G/G,148:G/G,171:G/G,172:G/G",111.0,C/C
6039,34,IGHV1-17*01,14115,0.209455815622,stimulated,"14:C/C,102:A/A,110:C/C,131:G/G,140:C/C,143:C/C,147:G/G,148:G/G,171:G/G,172:G/G",111.0,C/C
6057,28,IGHV1-17*01,14371,0.185814185814,memory,"14:C/C,102:A/A,110:C/C,131:G/G,140:C/G,143:C/T,147:G/G,148:A/G,171:G/G,172:G/G",111.0,C/C
6066,29,IGHV1-17*01,14371,0.218400625303,background,"14:C/C,102:A/A,110:C/C,131:G/G,140:C/G,143:C/T,147:G/G,148:A/G,171:G/G,172:G/G",111.0,C/C
6075,30,IGHV1-17*01,14371,0.206940805031,stimulated,"14:C/C,102:A/A,110:C/C,131:G/G,140:C/G,143:C/T,147:G/G,148:A/G,171:G/G,172:G/G",111.0,C/C
6093,48,IGHV1-17*01,14243,0.06494746895890001,memory,"14:C/C,102:A/A,110:C/C,131:G/G,140:C/C,143:C/C,147:G/G,148:A/G,171:G/G,172:G/G",111.0,C/C
6102,49,IGHV1-17*01,14243,0.07737109698979999,background,"14:C/C,102:A/A,110:C/C,131:G/G,140:C/C,143:C/C,147:G/G,148:A/G,171:G/G,172:G/G",111.0,C/C
6111,50,IGHV1-17*01,14243,0.0893257289905,stimulated,"14:C/C,102:A/A,110:C/C,131:G/G,140:C/C,143:C/C,147:G/G,148:A/G,171:G/G,172:G/G",111.0,C/C
