,Gene,Individual,Usage,UsageType,Genotype,Position,State
0,IGHV1-17*01,14037,0.191609977324,memory,"14:C/C,102:A/A,110:C/C,131:G/G,140:C/C,143:C/C,147:G/G,148:G/G,171:G/G,172:G/G",149.0,G/G
1,IGHV1-17*01,14037,0.204123161898,background,"14:C/C,102:A/A,110:C/C,131:G/G,140:C/C,143:C/C,147:G/G,148:G/G,171:G/G,172:G/G",149.0,G/G
2,IGHV1-17*01,14037,0.186841404886,stimulated,"14:C/C,102:A/A,110:C/C,131:G/G,140:C/C,143:C/C,147:G/G,148:G/G,171:G/G,172:G/G",149.0,G/G
3,IGHV1-17*01,14105,0.22550177095600002,memory,"14:C/C,102:A/A,110:C/C,131:G/G,140:C/C,143:C/C,147:G/G,148:G/G,171:G/G,172:G/G",149.0,G/G
4,IGHV1-17*01,14105,0.215900092817,background,"14:C/C,102:A/A,110:C/C,131:G/G,140:C/C,143:C/C,147:G/G,148:G/G,171:G/G,172:G/G",149.0,G/G
5,IGHV1-17*01,14105,0.199095581006,stimulated,"14:C/C,102:A/A,110:C/C,131:G/G,140:C/C,143:C/C,147:G/G,148:G/G,171:G/G,172:G/G",149.0,G/G
6,IGHV1-17*01,14361,0.161929371232,memory,"14:C/C,102:A/A,110:C/C,131:G/G,140:C/C,143:C/C,147:G/G,148:G/G,171:G/G,172:G/G",149.0,G/G
7,IGHV1-17*01,14361,0.18994735071199997,background,"14:C/C,102:A/A,110:C/C,131:G/G,140:C/C,143:C/C,147:G/G,148:G/G,171:G/G,172:G/G",149.0,G/G
8,IGHV1-17*01,14361,0.17817361957800001,stimulated,"14:C/C,102:A/A,110:C/C,131:G/G,140:C/C,143:C/C,147:G/G,148:G/G,171:G/G,172:G/G",149.0,G/G
9,IGHV1-17*01,14411,0.20731707317099998,memory,"14:C/C,102:A/A,110:C/C,131:G/G,140:C/G,143:C/T,147:G/G,148:A/G,171:G/G,172:G/G",149.0,A/G
10,IGHV1-17*01,14411,0.219839115581,background,"14:C/C,102:A/A,110:C/C,131:G/G,140:C/G,143:C/T,147:G/G,148:A/G,171:G/G,172:G/G",149.0,A/G
11,IGHV1-17*01,14411,0.20697466911200002,stimulated,"14:C/C,102:A/A,110:C/C,131:G/G,140:C/G,143:C/T,147:G/G,148:A/G,171:G/G,172:G/G",149.0,A/G
12,IGHV1-17*01,14253,0.101935483871,memory,"14:C/C,102:A/A,110:C/C,131:G/G,140:C/C,143:C/C,147:G/G,148:A/G,171:G/G,172:G/G",149.0,A/G
13,IGHV1-17*01,14253,0.10217067917199998,background,"14:C/C,102:A/A,110:C/C,131:G/G,140:C/C,143:C/C,147:G/G,148:A/G,171:G/G,172:G/G",149.0,A/G
14,IGHV1-17*01,14253,0.09951478107619999,stimulated,"14:C/C,102:A/A,110:C/C,131:G/G,140:C/C,143:C/C,147:G/G,148:A/G,171:G/G,172:G/G",149.0,A/G
15,IGHV1-17*01,14101,0.09232365145230001,memory,"14:C/C,102:A/A,110:A/A,131:G/G,140:G/G,143:T/T,147:G/G,148:A/A,171:G/G,172:G/G",149.0,A/A
16,IGHV1-17*01,14101,0.109666024406,background,"14:C/C,102:A/A,110:A/A,131:G/G,140:G/G,143:T/T,147:G/G,148:A/A,171:G/G,172:G/G",149.0,A/A
17,IGHV1-17*01,14101,0.105207237398,stimulated,"14:C/C,102:A/A,110:A/A,131:G/G,140:G/G,143:T/T,147:G/G,148:A/A,171:G/G,172:G/G",149.0,A/A
18,IGHV1-17*01,14365,0.21465968586399997,memory,"14:C/C,102:A/A,110:C/C,131:G/G,140:C/C,143:C/C,147:G/G,148:G/G,171:G/G,172:G/G",149.0,G/G
19,IGHV1-17*01,14365,0.199253154938,background,"14:C/C,102:A/A,110:C/C,131:G/G,140:C/C,143:C/C,147:G/G,148:G/G,171:G/G,172:G/G",149.0,G/G
20,IGHV1-17*01,14365,0.225830738536,stimulated,"14:C/C,102:A/A,110:C/C,131:G/G,140:C/C,143:C/C,147:G/G,148:G/G,171:G/G,172:G/G",149.0,G/G
21,IGHV1-17*01,14239,0.0639063906391,memory,"14:C/C,102:A/A,110:A/A,131:G/G,140:G/G,143:T/T,147:G/G,148:A/A,171:G/G,172:G/G",149.0,A/A
22,IGHV1-17*01,14239,0.074614703775,background,"14:C/C,102:A/A,110:A/A,131:G/G,140:G/G,143:T/T,147:G/G,148:A/A,171:G/G,172:G/G",149.0,A/A
23,IGHV1-17*01,14239,0.0768314981974,stimulated,"14:C/C,102:A/A,110:A/A,131:G/G,140:G/G,143:T/T,147:G/G,148:A/A,171:G/G,172:G/G",149.0,A/A
24,IGHV1-17*01,14163,0.225806451613,memory,"14:C/C,102:A/A,110:C/C,131:G/G,140:C/C,143:C/C,147:G/G,148:G/G,171:G/G,172:G/G",149.0,G/G
25,IGHV1-17*01,14163,0.25087509854699996,background,"14:C/C,102:A/A,110:C/C,131:G/G,140:C/C,143:C/C,147:G/G,148:G/G,171:G/G,172:G/G",149.0,G/G
26,IGHV1-17*01,14163,0.249760617817,stimulated,"14:C/C,102:A/A,110:C/C,131:G/G,140:C/C,143:C/C,147:G/G,148:G/G,171:G/G,172:G/G",149.0,G/G
27,IGHV1-17*01,14051,0.214592274678,memory,"14:C/C,102:A/A,110:C/C,131:G/G,140:C/C,143:C/C,147:G/G,148:G/G,171:G/G,172:G/G",149.0,G/G
28,IGHV1-17*01,14051,0.245714403281,background,"14:C/C,102:A/A,110:C/C,131:G/G,140:C/C,143:C/C,147:G/G,148:G/G,171:G/G,172:G/G",149.0,G/G
29,IGHV1-17*01,14051,0.23005773477699998,stimulated,"14:C/C,102:A/A,110:C/C,131:G/G,140:C/C,143:C/C,147:G/G,148:G/G,171:G/G,172:G/G",149.0,G/G
30,IGHV1-17*01,14235,0.0874001774623,memory,"14:C/C,102:A/A,110:A/A,131:G/G,140:G/G,143:T/T,147:G/G,148:A/A,171:G/G,172:G/G",149.0,A/A
31,IGHV1-17*01,14235,0.116809813502,background,"14:C/C,102:A/A,110:A/A,131:G/G,140:G/G,143:T/T,147:G/G,148:A/A,171:G/G,172:G/G",149.0,A/A
32,IGHV1-17*01,14235,0.0957881237098,stimulated,"14:C/C,102:A/A,110:A/A,131:G/G,140:G/G,143:T/T,147:G/G,148:A/A,171:G/G,172:G/G",149.0,A/A
33,IGHV1-17*01,14477,0.15899919289699999,memory,"14:C/C,102:A/A,110:C/C,131:G/G,140:C/G,143:C/T,147:G/G,148:A/G,171:G/G,172:G/G",149.0,A/G
34,IGHV1-17*01,14477,0.187143844041,background,"14:C/C,102:A/A,110:C/C,131:G/G,140:C/G,143:C/T,147:G/G,148:A/G,171:G/G,172:G/G",149.0,A/G
35,IGHV1-17*01,14477,0.194415265891,stimulated,"14:C/C,102:A/A,110:C/C,131:G/G,140:C/G,143:C/T,147:G/G,148:A/G,171:G/G,172:G/G",149.0,A/G
36,IGHV1-17*01,14383,0.210687022901,memory,"14:C/C,102:A/A,110:C/C,131:G/G,140:C/C,143:C/C,147:G/G,148:G/G,171:G/G,172:G/G",149.0,G/G
37,IGHV1-17*01,14383,0.203795470396,background,"14:C/C,102:A/A,110:C/C,131:G/G,140:C/C,143:C/C,147:G/G,148:G/G,171:G/G,172:G/G",149.0,G/G
38,IGHV1-17*01,14383,0.208110348178,stimulated,"14:C/C,102:A/A,110:C/C,131:G/G,140:C/C,143:C/C,147:G/G,148:G/G,171:G/G,172:G/G",149.0,G/G
39,IGHV1-17*01,14369,0.19684447783599998,memory,"14:C/C,102:A/A,110:C/C,131:G/G,140:C/C,143:C/C,147:G/G,148:G/G,171:G/G,172:G/G",149.0,G/G
40,IGHV1-17*01,14369,0.218538246678,background,"14:C/C,102:A/A,110:C/C,131:G/G,140:C/C,143:C/C,147:G/G,148:G/G,171:G/G,172:G/G",149.0,G/G
41,IGHV1-17*01,14369,0.214623036081,stimulated,"14:C/C,102:A/A,110:C/C,131:G/G,140:C/C,143:C/C,147:G/G,148:G/G,171:G/G,172:G/G",149.0,G/G
42,IGHV1-17*01,14307,0.173152601662,memory,"14:C/C,102:A/A,110:C/C,131:G/G,140:C/C,143:C/C,147:G/G,148:G/G,171:G/G,172:G/G",149.0,G/G
43,IGHV1-17*01,14307,0.18646874641199998,background,"14:C/C,102:A/A,110:C/C,131:G/G,140:C/C,143:C/C,147:G/G,148:G/G,171:G/G,172:G/G",149.0,G/G
44,IGHV1-17*01,14307,0.18851770446199997,stimulated,"14:C/C,102:A/A,110:C/C,131:G/G,140:C/C,143:C/C,147:G/G,148:G/G,171:G/G,172:G/G",149.0,G/G
45,IGHV1-17*01,14167,0.190604026846,memory,"14:C/C,102:A/A,110:C/C,131:G/G,140:C/C,143:C/C,147:G/G,148:G/G,171:G/G,172:G/G",149.0,G/G
46,IGHV1-17*01,14167,0.22549267487500002,background,"14:C/C,102:A/A,110:C/C,131:G/G,140:C/C,143:C/C,147:G/G,148:G/G,171:G/G,172:G/G",149.0,G/G
47,IGHV1-17*01,14167,0.225393451985,stimulated,"14:C/C,102:A/A,110:C/C,131:G/G,140:C/C,143:C/C,147:G/G,148:G/G,171:G/G,172:G/G",149.0,G/G
48,IGHV1-17*01,14055,0.172294968987,memory,"14:C/C,102:A/A,110:C/C,131:G/G,140:C/C,143:C/C,147:G/G,148:G/G,171:G/G,172:G/G",149.0,G/G
49,IGHV1-17*01,14055,0.185055957481,background,"14:C/C,102:A/A,110:C/C,131:G/G,140:C/C,143:C/C,147:G/G,148:G/G,171:G/G,172:G/G",149.0,G/G
50,IGHV1-17*01,14055,0.182765827489,stimulated,"14:C/C,102:A/A,110:C/C,131:G/G,140:C/C,143:C/C,147:G/G,148:G/G,171:G/G,172:G/G",149.0,G/G
51,IGHV1-17*01,14387,0.24618621778000002,memory,"14:C/C,102:A/A,110:C/C,131:G/G,140:C/C,143:C/C,147:G/G,148:G/G,171:G/G,172:G/G",149.0,G/G
52,IGHV1-17*01,14387,0.235648057498,background,"14:C/C,102:A/A,110:C/C,131:G/G,140:C/C,143:C/C,147:G/G,148:G/G,171:G/G,172:G/G",149.0,G/G
53,IGHV1-17*01,14387,0.24385857716200002,stimulated,"14:C/C,102:A/A,110:C/C,131:G/G,140:C/C,143:C/C,147:G/G,148:G/G,171:G/G,172:G/G",149.0,G/G
54,IGHV1-17*01,14373,0.244103773585,memory,"14:C/C,102:A/A,110:C/C,131:G/G,140:C/C,143:C/C,147:G/G,148:G/G,171:G/G,172:G/G",149.0,G/G
55,IGHV1-17*01,14373,0.247470183442,background,"14:C/C,102:A/A,110:C/C,131:G/G,140:C/C,143:C/C,147:G/G,148:G/G,171:G/G,172:G/G",149.0,G/G
56,IGHV1-17*01,14373,0.249677745688,stimulated,"14:C/C,102:A/A,110:C/C,131:G/G,140:C/C,143:C/C,147:G/G,148:G/G,171:G/G,172:G/G",149.0,G/G
57,IGHV1-17*01,14241,0.22764227642299997,memory,"14:C/C,102:A/A,110:C/C,131:G/G,140:C/C,143:C/C,147:G/G,148:A/G,171:G/G,172:G/G",149.0,A/G
58,IGHV1-17*01,14241,0.216163728465,background,"14:C/C,102:A/A,110:C/C,131:G/G,140:C/C,143:C/C,147:G/G,148:A/G,171:G/G,172:G/G",149.0,A/G
59,IGHV1-17*01,14241,0.198730559784,stimulated,"14:C/C,102:A/A,110:C/C,131:G/G,140:C/C,143:C/C,147:G/G,148:A/G,171:G/G,172:G/G",149.0,A/G
60,IGHV1-17*01,14403,0.235294117647,memory,"14:C/C,102:A/A,110:C/C,131:G/G,140:C/C,143:C/C,147:G/G,148:G/G,171:G/G,172:G/G",149.0,G/G
61,IGHV1-17*01,14403,0.232068416488,background,"14:C/C,102:A/A,110:C/C,131:G/G,140:C/C,143:C/C,147:G/G,148:G/G,171:G/G,172:G/G",149.0,G/G
62,IGHV1-17*01,14403,0.239436165088,stimulated,"14:C/C,102:A/A,110:C/C,131:G/G,140:C/C,143:C/C,147:G/G,148:G/G,171:G/G,172:G/G",149.0,G/G
63,IGHV1-17*01,14193,0.111298482293,memory,"14:C/C,102:A/A,110:A/A,131:G/G,140:G/G,143:T/T,147:G/G,148:A/A,171:G/G,172:G/G",149.0,A/A
64,IGHV1-17*01,14193,0.103378742435,background,"14:C/C,102:A/A,110:A/A,131:G/G,140:G/G,143:T/T,147:G/G,148:A/A,171:G/G,172:G/G",149.0,A/A
65,IGHV1-17*01,14193,0.103844105362,stimulated,"14:C/C,102:A/A,110:A/A,131:G/G,140:G/G,143:T/T,147:G/G,148:A/A,171:G/G,172:G/G",149.0,A/A
66,IGHV1-17*01,14117,0.229190421893,memory,"14:C/C,102:A/A,110:C/C,131:G/G,140:C/C,143:C/C,147:G/G,148:G/G,171:G/G,172:G/G",149.0,G/G
67,IGHV1-17*01,14117,0.252300921484,background,"14:C/C,102:A/A,110:C/C,131:G/G,140:C/C,143:C/C,147:G/G,148:G/G,171:G/G,172:G/G",149.0,G/G
68,IGHV1-17*01,14117,0.251046788774,stimulated,"14:C/C,102:A/A,110:C/C,131:G/G,140:C/C,143:C/C,147:G/G,148:G/G,171:G/G,172:G/G",149.0,G/G
69,IGHV1-17*01,14319,0.175808720113,memory,"14:C/C,102:A/A,110:C/C,131:G/G,140:C/C,143:C/C,147:G/G,148:A/G,171:G/G,172:G/G",149.0,A/G
70,IGHV1-17*01,14319,0.22309403428599997,background,"14:C/C,102:A/A,110:C/C,131:G/G,140:C/C,143:C/C,147:G/G,148:A/G,171:G/G,172:G/G",149.0,A/G
71,IGHV1-17*01,14319,0.200690863252,stimulated,"14:C/C,102:A/A,110:C/C,131:G/G,140:C/C,143:C/C,147:G/G,148:A/G,171:G/G,172:G/G",149.0,A/G
72,IGHV1-17*01,14377,0.169302325581,memory,"14:C/C,102:A/A,110:C/C,131:G/G,140:C/C,143:C/C,147:G/G,148:A/G,171:G/G,172:G/G",149.0,A/G
73,IGHV1-17*01,14377,0.215133257766,background,"14:C/C,102:A/A,110:C/C,131:G/G,140:C/C,143:C/C,147:G/G,148:A/G,171:G/G,172:G/G",149.0,A/G
74,IGHV1-17*01,14377,0.203115146365,stimulated,"14:C/C,102:A/A,110:C/C,131:G/G,140:C/C,143:C/C,147:G/G,148:A/G,171:G/G,172:G/G",149.0,A/G
75,IGHV1-17*01,14245,0.0825285338016,memory,"14:C/C,102:A/A,110:A/A,131:G/G,140:G/G,143:T/T,147:G/G,148:A/A,171:G/G,172:G/G",149.0,A/A
76,IGHV1-17*01,14245,0.106655609027,background,"14:C/C,102:A/A,110:A/A,131:G/G,140:G/G,143:T/T,147:G/G,148:A/A,171:G/G,172:G/G",149.0,A/A
77,IGHV1-17*01,14245,0.101960832494,stimulated,"14:C/C,102:A/A,110:A/A,131:G/G,140:G/G,143:T/T,147:G/G,148:A/A,171:G/G,172:G/G",149.0,A/A
78,IGHV1-17*01,14021,0.258498023715,memory,"14:C/C,102:A/A,110:C/C,131:G/G,140:C/C,143:C/C,147:G/G,148:G/G,171:G/G,172:G/G",149.0,G/G
79,IGHV1-17*01,14021,0.269821809875,background,"14:C/C,102:A/A,110:C/C,131:G/G,140:C/C,143:C/C,147:G/G,148:G/G,171:G/G,172:G/G",149.0,G/G
80,IGHV1-17*01,14021,0.239467994031,stimulated,"14:C/C,102:A/A,110:C/C,131:G/G,140:C/C,143:C/C,147:G/G,148:G/G,171:G/G,172:G/G",149.0,G/G
81,IGHV1-17*01,14227,0.22232223222300002,memory,"14:C/C,102:A/A,110:C/C,131:G/G,140:C/C,143:C/C,147:G/G,148:G/G,171:G/G,172:G/G",149.0,G/G
82,IGHV1-17*01,14227,0.271424989666,background,"14:C/C,102:A/A,110:C/C,131:G/G,140:C/C,143:C/C,147:G/G,148:G/G,171:G/G,172:G/G",149.0,G/G
83,IGHV1-17*01,14227,0.26144158822700003,stimulated,"14:C/C,102:A/A,110:C/C,131:G/G,140:C/C,143:C/C,147:G/G,148:G/G,171:G/G,172:G/G",149.0,G/G
84,IGHV1-17*01,14315,0.0742534301856,memory,"14:C/C,102:A/A,110:A/A,131:G/G,140:G/G,143:T/T,147:G/G,148:A/A,171:G/G,172:G/G",149.0,A/A
85,IGHV1-17*01,14315,0.111882479407,background,"14:C/C,102:A/A,110:A/A,131:G/G,140:G/G,143:T/T,147:G/G,148:A/A,171:G/G,172:G/G",149.0,A/A
86,IGHV1-17*01,14315,0.115195047287,stimulated,"14:C/C,102:A/A,110:A/A,131:G/G,140:G/G,143:T/T,147:G/G,148:A/A,171:G/G,172:G/G",149.0,A/A
87,IGHV1-17*01,14171,0.171981004071,memory,"14:C/C,102:A/A,110:C/C,131:G/G,140:C/C,143:C/C,147:G/G,148:G/G,171:G/G,172:G/G",149.0,G/G
88,IGHV1-17*01,14171,0.177367885148,background,"14:C/C,102:A/A,110:C/C,131:G/G,140:C/C,143:C/C,147:G/G,148:G/G,171:G/G,172:G/G",149.0,G/G
89,IGHV1-17*01,14171,0.18714183590999997,stimulated,"14:C/C,102:A/A,110:C/C,131:G/G,140:C/C,143:C/C,147:G/G,148:G/G,171:G/G,172:G/G",149.0,G/G
90,IGHV1-17*01,14043,0.23293996921500001,memory,"14:C/C,102:A/A,110:C/C,131:G/G,140:C/C,143:C/C,147:G/G,148:G/G,171:G/G,172:G/G",149.0,G/G
91,IGHV1-17*01,14043,0.243801697087,background,"14:C/C,102:A/A,110:C/C,131:G/G,140:C/C,143:C/C,147:G/G,148:G/G,171:G/G,172:G/G",149.0,G/G
92,IGHV1-17*01,14043,0.260408896761,stimulated,"14:C/C,102:A/A,110:C/C,131:G/G,140:C/C,143:C/C,147:G/G,148:G/G,171:G/G,172:G/G",149.0,G/G
93,IGHV1-17*01,14223,0.214003944773,memory,"14:C/C,102:A/A,110:C/C,131:G/G,140:C/C,143:C/C,147:G/G,148:G/G,171:G/G,172:G/G",149.0,G/G
94,IGHV1-17*01,14223,0.21539509460099998,background,"14:C/C,102:A/A,110:C/C,131:G/G,140:C/C,143:C/C,147:G/G,148:G/G,171:G/G,172:G/G",149.0,G/G
95,IGHV1-17*01,14223,0.224645378845,stimulated,"14:C/C,102:A/A,110:C/C,131:G/G,140:C/C,143:C/C,147:G/G,148:G/G,171:G/G,172:G/G",149.0,G/G
96,IGHV1-17*01,14461,0.21568627450999997,memory,"14:C/C,102:A/A,110:C/C,131:G/G,140:C/C,143:C/C,147:G/G,148:G/G,171:G/G,172:G/G",149.0,G/G
97,IGHV1-17*01,14461,0.244585469841,background,"14:C/C,102:A/A,110:C/C,131:G/G,140:C/C,143:C/C,147:G/G,148:G/G,171:G/G,172:G/G",149.0,G/G
98,IGHV1-17*01,14461,0.250730812629,stimulated,"14:C/C,102:A/A,110:C/C,131:G/G,140:C/C,143:C/C,147:G/G,148:G/G,171:G/G,172:G/G",149.0,G/G
99,IGHV1-17*01,14395,0.175101803374,memory,"14:C/C,102:A/A,110:C/C,131:G/G,140:C/C,143:C/C,147:G/G,148:A/G,171:G/G,172:G/G",149.0,A/G
100,IGHV1-17*01,14395,0.17593272650800001,background,"14:C/C,102:A/A,110:C/C,131:G/G,140:C/C,143:C/C,147:G/G,148:A/G,171:G/G,172:G/G",149.0,A/G
101,IGHV1-17*01,14395,0.174345423973,stimulated,"14:C/C,102:A/A,110:C/C,131:G/G,140:C/C,143:C/C,147:G/G,148:A/G,171:G/G,172:G/G",149.0,A/G
102,IGHV1-17*01,14311,0.0723362658847,memory,"14:C/C,102:A/A,110:C/C,131:G/G,140:C/C,143:C/C,147:G/G,148:A/G,171:G/G,172:G/G",149.0,A/G
103,IGHV1-17*01,14311,0.0896239203687,background,"14:C/C,102:A/A,110:C/C,131:G/G,140:C/C,143:C/C,147:G/G,148:A/G,171:G/G,172:G/G",149.0,A/G
104,IGHV1-17*01,14311,0.088151758283,stimulated,"14:C/C,102:A/A,110:C/C,131:G/G,140:C/C,143:C/C,147:G/G,148:A/G,171:G/G,172:G/G",149.0,A/G
105,IGHV1-17*01,14175,0.134932533733,memory,"14:C/C,102:A/A,110:C/C,131:G/G,140:C/G,143:C/T,147:G/G,148:A/G,171:G/G,172:G/G",149.0,A/G
106,IGHV1-17*01,14175,0.15465239146,background,"14:C/C,102:A/A,110:C/C,131:G/G,140:C/G,143:C/T,147:G/G,148:A/G,171:G/G,172:G/G",149.0,A/G
107,IGHV1-17*01,14175,0.15886371892999998,stimulated,"14:C/C,102:A/A,110:C/C,131:G/G,140:C/G,143:C/T,147:G/G,148:A/G,171:G/G,172:G/G",149.0,A/G
108,IGHV1-17*01,14047,0.0913921360255,memory,"14:C/C,102:A/A,110:C/C,131:T/T,140:G/G,143:T/T,147:G/G,148:A/A,171:G/G,172:G/G",149.0,A/A
109,IGHV1-17*01,14047,0.113372490777,background,"14:C/C,102:A/A,110:C/C,131:T/T,140:G/G,143:T/T,147:G/G,148:A/A,171:G/G,172:G/G",149.0,A/A
110,IGHV1-17*01,14047,0.100271374668,stimulated,"14:C/C,102:A/A,110:C/C,131:T/T,140:G/G,143:T/T,147:G/G,148:A/A,171:G/G,172:G/G",149.0,A/A
111,IGHV1-17*01,14029,0.19431279620900002,memory,"14:C/C,102:A/A,110:C/C,131:G/G,140:C/C,143:C/C,147:G/G,148:G/G,171:G/G,172:G/G",149.0,G/G
112,IGHV1-17*01,14029,0.22268330910599998,background,"14:C/C,102:A/A,110:C/C,131:G/G,140:C/C,143:C/C,147:G/G,148:G/G,171:G/G,172:G/G",149.0,G/G
113,IGHV1-17*01,14029,0.210681775353,stimulated,"14:C/C,102:A/A,110:C/C,131:G/G,140:C/C,143:C/C,147:G/G,148:G/G,171:G/G,172:G/G",149.0,G/G
114,IGHV1-17*01,14125,0.225730071034,memory,"14:C/C,102:A/A,110:C/C,131:G/G,140:C/C,143:C/C,147:G/G,148:G/G,171:G/G,172:G/G",149.0,G/G
115,IGHV1-17*01,14125,0.240147708845,background,"14:C/C,102:A/A,110:C/C,131:G/G,140:C/C,143:C/C,147:G/G,148:G/G,171:G/G,172:G/G",149.0,G/G
116,IGHV1-17*01,14125,0.22888992293299998,stimulated,"14:C/C,102:A/A,110:C/C,131:G/G,140:C/C,143:C/C,147:G/G,148:G/G,171:G/G,172:G/G",149.0,G/G
117,IGHV1-17*01,14017,0.167630057803,memory,"14:C/C,102:A/A,110:C/C,131:G/G,140:C/C,143:C/C,147:G/G,148:G/G,171:G/G,172:G/G",149.0,G/G
118,IGHV1-17*01,14017,0.17662195130999997,background,"14:C/C,102:A/A,110:C/C,131:G/G,140:C/C,143:C/C,147:G/G,148:G/G,171:G/G,172:G/G",149.0,G/G
119,IGHV1-17*01,14017,0.17800399537,stimulated,"14:C/C,102:A/A,110:C/C,131:G/G,140:C/C,143:C/C,147:G/G,148:G/G,171:G/G,172:G/G",149.0,G/G
120,IGHV1-17*01,14079,0.17051013277399998,memory,"14:C/C,102:A/A,110:C/C,131:G/G,140:C/C,143:C/C,147:G/G,148:G/G,171:G/G,172:G/G",149.0,G/G
121,IGHV1-17*01,14079,0.166589314816,background,"14:C/C,102:A/A,110:C/C,131:G/G,140:C/C,143:C/C,147:G/G,148:G/G,171:G/G,172:G/G",149.0,G/G
122,IGHV1-17*01,14079,0.161338280561,stimulated,"14:C/C,102:A/A,110:C/C,131:G/G,140:C/C,143:C/C,147:G/G,148:G/G,171:G/G,172:G/G",149.0,G/G
123,IGHV1-17*01,14273,0.20685840708,memory,"14:C/C,102:A/A,110:C/C,131:G/G,140:C/C,143:C/C,147:G/G,148:G/G,171:G/G,172:G/G",149.0,G/G
124,IGHV1-17*01,14273,0.21395735073,background,"14:C/C,102:A/A,110:C/C,131:G/G,140:C/C,143:C/C,147:G/G,148:G/G,171:G/G,172:G/G",149.0,G/G
125,IGHV1-17*01,14273,0.21240134816599998,stimulated,"14:C/C,102:A/A,110:C/C,131:G/G,140:C/C,143:C/C,147:G/G,148:G/G,171:G/G,172:G/G",149.0,G/G
126,IGHV1-17*01,14431,0.192848020434,memory,"14:C/C,102:A/A,110:C/C,131:G/G,140:C/C,143:C/C,147:G/G,148:G/G,171:G/G,172:G/G",149.0,G/G
127,IGHV1-17*01,14431,0.19770775024,background,"14:C/C,102:A/A,110:C/C,131:G/G,140:C/C,143:C/C,147:G/G,148:G/G,171:G/G,172:G/G",149.0,G/G
128,IGHV1-17*01,14431,0.207078176879,stimulated,"14:C/C,102:A/A,110:C/C,131:G/G,140:C/C,143:C/C,147:G/G,148:G/G,171:G/G,172:G/G",149.0,G/G
129,IGHV1-17*01,14299,0.0745742806812,memory,"14:C/C,102:A/A,110:C/C,131:T/T,140:G/G,143:T/T,147:G/G,148:A/A,171:G/G,172:G/G",149.0,A/A
130,IGHV1-17*01,14299,0.102788959512,background,"14:C/C,102:A/A,110:C/C,131:T/T,140:G/G,143:T/T,147:G/G,148:A/A,171:G/G,172:G/G",149.0,A/A
131,IGHV1-17*01,14299,0.101764777772,stimulated,"14:C/C,102:A/A,110:C/C,131:T/T,140:G/G,143:T/T,147:G/G,148:A/A,171:G/G,172:G/G",149.0,A/A
132,IGHV1-17*01,14121,0.08459869848160001,memory,"14:C/C,102:A/A,110:C/C,131:T/T,140:G/G,143:T/T,147:G/G,148:A/A,171:G/G,172:G/G",149.0,A/A
133,IGHV1-17*01,14121,0.102791577267,background,"14:C/C,102:A/A,110:C/C,131:T/T,140:G/G,143:T/T,147:G/G,148:A/A,171:G/G,172:G/G",149.0,A/A
134,IGHV1-17*01,14121,0.08817012781960001,stimulated,"14:C/C,102:A/A,110:C/C,131:T/T,140:G/G,143:T/T,147:G/G,148:A/A,171:G/G,172:G/G",149.0,A/A
135,IGHV1-17*01,14097,0.157121135327,memory,"14:C/C,102:A/A,110:C/C,131:G/G,140:C/G,143:C/T,147:G/G,148:A/G,171:G/G,172:G/G",149.0,A/G
136,IGHV1-17*01,14097,0.184221413271,background,"14:C/C,102:A/A,110:C/C,131:G/G,140:C/G,143:C/T,147:G/G,148:A/G,171:G/G,172:G/G",149.0,A/G
137,IGHV1-17*01,14097,0.171356306614,stimulated,"14:C/C,102:A/A,110:C/C,131:G/G,140:C/G,143:C/T,147:G/G,148:A/G,171:G/G,172:G/G",149.0,A/G
138,IGHV1-17*01,14219,0.270474137931,memory,"14:C/C,102:A/A,110:C/C,131:G/G,140:C/C,143:C/C,147:G/G,148:G/G,171:G/G,172:G/G",149.0,G/G
139,IGHV1-17*01,14219,0.257915411629,background,"14:C/C,102:A/A,110:C/C,131:G/G,140:C/C,143:C/C,147:G/G,148:G/G,171:G/G,172:G/G",149.0,G/G
140,IGHV1-17*01,14219,0.242177974128,stimulated,"14:C/C,102:A/A,110:C/C,131:G/G,140:C/C,143:C/C,147:G/G,148:G/G,171:G/G,172:G/G",149.0,G/G
141,IGHV1-17*01,14435,0.22837837837799999,memory,"14:C/C,102:A/A,110:C/C,131:G/G,140:C/C,143:C/C,147:G/G,148:G/G,171:G/G,172:G/G",149.0,G/G
142,IGHV1-17*01,14435,0.19929168716200002,background,"14:C/C,102:A/A,110:C/C,131:G/G,140:C/C,143:C/C,147:G/G,148:G/G,171:G/G,172:G/G",149.0,G/G
143,IGHV1-17*01,14435,0.204468545824,stimulated,"14:C/C,102:A/A,110:C/C,131:G/G,140:C/C,143:C/C,147:G/G,148:G/G,171:G/G,172:G/G",149.0,G/G
144,IGHV1-17*01,14345,0.177126917713,memory,"14:C/C,102:A/A,110:C/C,131:G/G,140:C/C,143:C/C,147:G/G,148:G/G,171:G/G,172:G/G",149.0,G/G
145,IGHV1-17*01,14345,0.20814796664500002,background,"14:C/C,102:A/A,110:C/C,131:G/G,140:C/C,143:C/C,147:G/G,148:G/G,171:G/G,172:G/G",149.0,G/G
146,IGHV1-17*01,14345,0.222337157876,stimulated,"14:C/C,102:A/A,110:C/C,131:G/G,140:C/C,143:C/C,147:G/G,148:G/G,171:G/G,172:G/G",149.0,G/G
147,IGHV1-17*01,14071,0.188962207558,memory,"14:C/C,102:A/A,110:C/C,131:G/G,140:C/C,143:C/C,147:G/G,148:G/G,171:G/G,172:G/G",149.0,G/G
148,IGHV1-17*01,14071,0.195186323582,background,"14:C/C,102:A/A,110:C/C,131:G/G,140:C/C,143:C/C,147:G/G,148:G/G,171:G/G,172:G/G",149.0,G/G
149,IGHV1-17*01,14071,0.211754460926,stimulated,"14:C/C,102:A/A,110:C/C,131:G/G,140:C/C,143:C/C,147:G/G,148:G/G,171:G/G,172:G/G",149.0,G/G
150,IGHV1-17*01,14143,0.158899923606,memory,"14:C/C,102:A/A,110:C/C,131:G/G,140:C/C,143:C/C,147:G/G,148:G/G,171:G/G,172:G/G",149.0,G/G
151,IGHV1-17*01,14143,0.16966426055599998,background,"14:C/C,102:A/A,110:C/C,131:G/G,140:C/C,143:C/C,147:G/G,148:G/G,171:G/G,172:G/G",149.0,G/G
152,IGHV1-17*01,14143,0.156401836469,stimulated,"14:C/C,102:A/A,110:C/C,131:G/G,140:C/C,143:C/C,147:G/G,148:G/G,171:G/G,172:G/G",149.0,G/G
153,IGHV1-17*01,14291,0.165898617512,memory,"14:C/C,102:A/A,110:C/C,131:G/G,140:C/C,143:C/C,147:G/G,148:G/G,171:G/G,172:G/G",149.0,G/G
154,IGHV1-17*01,14291,0.178006374884,background,"14:C/C,102:A/A,110:C/C,131:G/G,140:C/C,143:C/C,147:G/G,148:G/G,171:G/G,172:G/G",149.0,G/G
155,IGHV1-17*01,14291,0.177256324402,stimulated,"14:C/C,102:A/A,110:C/C,131:G/G,140:C/C,143:C/C,147:G/G,148:G/G,171:G/G,172:G/G",149.0,G/G
156,IGHV1-17*01,14349,0.166342412451,memory,"14:C/C,102:A/A,110:C/C,131:G/G,140:C/C,143:C/C,147:G/G,148:G/G,171:G/G,172:G/G",149.0,G/G
157,IGHV1-17*01,14349,0.203236908957,background,"14:C/C,102:A/A,110:C/C,131:G/G,140:C/C,143:C/C,147:G/G,148:G/G,171:G/G,172:G/G",149.0,G/G
158,IGHV1-17*01,14349,0.166169190167,stimulated,"14:C/C,102:A/A,110:C/C,131:G/G,140:C/C,143:C/C,147:G/G,148:G/G,171:G/G,172:G/G",149.0,G/G
159,IGHV1-17*01,14327,0.22199170124499998,memory,"14:C/C,102:A/A,110:C/C,131:G/G,140:C/C,143:C/C,147:G/G,148:G/G,171:G/G,172:G/G",149.0,G/G
160,IGHV1-17*01,14327,0.19267380232,background,"14:C/C,102:A/A,110:C/C,131:G/G,140:C/C,143:C/C,147:G/G,148:G/G,171:G/G,172:G/G",149.0,G/G
161,IGHV1-17*01,14327,0.198310217859,stimulated,"14:C/C,102:A/A,110:C/C,131:G/G,140:C/C,143:C/C,147:G/G,148:G/G,171:G/G,172:G/G",149.0,G/G
162,IGHV1-17*01,14457,0.22417840375599998,memory,"14:C/C,102:A/A,110:C/C,131:G/G,140:C/C,143:C/C,147:G/G,148:G/G,171:G/G,172:G/G",149.0,G/G
163,IGHV1-17*01,14457,0.252105666156,background,"14:C/C,102:A/A,110:C/C,131:G/G,140:C/C,143:C/C,147:G/G,148:G/G,171:G/G,172:G/G",149.0,G/G
164,IGHV1-17*01,14457,0.241643433284,stimulated,"14:C/C,102:A/A,110:C/C,131:G/G,140:C/C,143:C/C,147:G/G,148:G/G,171:G/G,172:G/G",149.0,G/G
165,IGHV1-17*01,14215,0.23445657332699998,memory,"14:C/C,102:A/A,110:C/C,131:G/G,140:C/C,143:C/C,147:G/G,148:G/G,171:G/G,172:G/G",149.0,G/G
166,IGHV1-17*01,14215,0.230851688318,background,"14:C/C,102:A/A,110:C/C,131:G/G,140:C/C,143:C/C,147:G/G,148:G/G,171:G/G,172:G/G",149.0,G/G
167,IGHV1-17*01,14215,0.197969099646,stimulated,"14:C/C,102:A/A,110:C/C,131:G/G,140:C/C,143:C/C,147:G/G,148:G/G,171:G/G,172:G/G",149.0,G/G
168,IGHV1-17*01,14439,0.215869311552,memory,"14:C/C,102:A/A,110:C/C,131:G/G,140:C/C,143:C/C,147:G/G,148:G/G,171:G/G,172:G/G",149.0,G/G
169,IGHV1-17*01,14439,0.226398078374,background,"14:C/C,102:A/A,110:C/C,131:G/G,140:C/C,143:C/C,147:G/G,148:G/G,171:G/G,172:G/G",149.0,G/G
170,IGHV1-17*01,14439,0.222449903798,stimulated,"14:C/C,102:A/A,110:C/C,131:G/G,140:C/C,143:C/C,147:G/G,148:G/G,171:G/G,172:G/G",149.0,G/G
171,IGHV1-17*01,14075,0.23991507430999998,memory,"14:C/C,102:A/A,110:C/C,131:G/G,140:C/C,143:C/C,147:G/G,148:G/G,171:G/G,172:G/G",149.0,G/G
172,IGHV1-17*01,14075,0.254019492789,background,"14:C/C,102:A/A,110:C/C,131:G/G,140:C/C,143:C/C,147:G/G,148:G/G,171:G/G,172:G/G",149.0,G/G
173,IGHV1-17*01,14075,0.24727554852699998,stimulated,"14:C/C,102:A/A,110:C/C,131:G/G,140:C/C,143:C/C,147:G/G,148:G/G,171:G/G,172:G/G",149.0,G/G
174,IGHV1-17*01,14147,0.125588697017,memory,"14:C/C,102:A/A,110:A/A,131:G/G,140:G/G,143:T/T,147:G/G,148:A/A,171:G/G,172:G/G",149.0,A/A
175,IGHV1-17*01,14147,0.11881208017400001,background,"14:C/C,102:A/A,110:A/A,131:G/G,140:G/G,143:T/T,147:G/G,148:A/A,171:G/G,172:G/G",149.0,A/A
176,IGHV1-17*01,14147,0.109559008452,stimulated,"14:C/C,102:A/A,110:A/A,131:G/G,140:G/G,143:T/T,147:G/G,148:A/A,171:G/G,172:G/G",149.0,A/A
177,IGHV1-17*01,14129,0.261575954509,memory,"14:C/C,102:A/A,110:C/C,131:G/G,140:C/C,143:C/C,147:G/G,148:G/G,171:G/G,172:G/G",149.0,G/G
178,IGHV1-17*01,14129,0.26419937725299997,background,"14:C/C,102:A/A,110:C/C,131:G/G,140:C/C,143:C/C,147:G/G,148:G/G,171:G/G,172:G/G",149.0,G/G
179,IGHV1-17*01,14129,0.253519978255,stimulated,"14:C/C,102:A/A,110:C/C,131:G/G,140:C/C,143:C/C,147:G/G,148:G/G,171:G/G,172:G/G",149.0,G/G
180,IGHV1-17*01,14323,0.173349056604,memory,"14:C/C,102:A/A,110:C/C,131:G/G,140:C/C,143:C/C,147:G/G,148:G/G,171:G/G,172:G/G",149.0,G/G
181,IGHV1-17*01,14323,0.199398241782,background,"14:C/C,102:A/A,110:C/C,131:G/G,140:C/C,143:C/C,147:G/G,148:G/G,171:G/G,172:G/G",149.0,G/G
182,IGHV1-17*01,14323,0.199607179115,stimulated,"14:C/C,102:A/A,110:C/C,131:G/G,140:C/C,143:C/C,147:G/G,148:G/G,171:G/G,172:G/G",149.0,G/G
183,IGHV1-17*01,14295,0.20224719101100003,memory,"14:C/C,102:A/A,110:C/C,131:G/G,140:C/G,143:C/T,147:G/G,148:A/G,171:G/G,172:G/G",149.0,A/G
184,IGHV1-17*01,14295,0.20474277044300002,background,"14:C/C,102:A/A,110:C/C,131:G/G,140:C/G,143:C/T,147:G/G,148:A/G,171:G/G,172:G/G",149.0,A/G
185,IGHV1-17*01,14295,0.204577406483,stimulated,"14:C/C,102:A/A,110:C/C,131:G/G,140:C/G,143:C/T,147:G/G,148:A/G,171:G/G,172:G/G",149.0,A/G
186,IGHV1-17*01,14423,0.197667638484,memory,"14:C/C,102:A/A,110:C/C,131:G/G,140:C/G,143:C/T,147:G/G,148:A/G,171:G/G,172:G/G",149.0,A/G
187,IGHV1-17*01,14423,0.23755661022799998,background,"14:C/C,102:A/A,110:C/C,131:G/G,140:C/G,143:C/T,147:G/G,148:A/G,171:G/G,172:G/G",149.0,A/G
188,IGHV1-17*01,14423,0.21835648315,stimulated,"14:C/C,102:A/A,110:C/C,131:G/G,140:C/G,143:C/T,147:G/G,148:A/G,171:G/G,172:G/G",149.0,A/G
189,IGHV1-17*01,14353,0.206487341772,memory,"14:C/C,102:A/A,110:C/C,131:G/G,140:C/C,143:C/C,147:G/G,148:G/G,171:G/G,172:G/G",149.0,G/G
190,IGHV1-17*01,14353,0.214724419225,background,"14:C/C,102:A/A,110:C/C,131:G/G,140:C/C,143:C/C,147:G/G,148:G/G,171:G/G,172:G/G",149.0,G/G
191,IGHV1-17*01,14353,0.20793500386,stimulated,"14:C/C,102:A/A,110:C/C,131:G/G,140:C/C,143:C/C,147:G/G,148:G/G,171:G/G,172:G/G",149.0,G/G
192,IGHV1-17*01,14137,0.221848739496,memory,"14:C/C,102:A/A,110:C/C,131:G/G,140:C/C,143:C/C,147:G/G,148:G/G,171:G/G,172:G/G",149.0,G/G
193,IGHV1-17*01,14137,0.25491269941,background,"14:C/C,102:A/A,110:C/C,131:G/G,140:C/C,143:C/C,147:G/G,148:G/G,171:G/G,172:G/G",149.0,G/G
194,IGHV1-17*01,14137,0.238234436846,stimulated,"14:C/C,102:A/A,110:C/C,131:G/G,140:C/C,143:C/C,147:G/G,148:G/G,171:G/G,172:G/G",149.0,G/G
195,IGHV1-17*01,14081,0.0731707317073,memory,"14:C/C,102:A/A,110:C/C,131:T/T,140:G/G,143:T/T,147:G/G,148:A/A,171:G/G,172:G/G",149.0,A/A
196,IGHV1-17*01,14081,0.10190922221000001,background,"14:C/C,102:A/A,110:C/C,131:T/T,140:G/G,143:T/T,147:G/G,148:A/A,171:G/G,172:G/G",149.0,A/A
197,IGHV1-17*01,14081,0.08151172196539999,stimulated,"14:C/C,102:A/A,110:C/C,131:T/T,140:G/G,143:T/T,147:G/G,148:A/A,171:G/G,172:G/G",149.0,A/A
198,IGHV1-17*01,14159,0.0905391658189,memory,"14:C/C,102:A/A,110:C/C,131:T/T,140:G/G,143:T/T,147:G/G,148:A/A,171:G/G,172:G/G",149.0,A/A
199,IGHV1-17*01,14159,0.107235731862,background,"14:C/C,102:A/A,110:C/C,131:T/T,140:G/G,143:T/T,147:G/G,148:A/A,171:G/G,172:G/G",149.0,A/A
200,IGHV1-17*01,14159,0.107437769336,stimulated,"14:C/C,102:A/A,110:C/C,131:T/T,140:G/G,143:T/T,147:G/G,148:A/A,171:G/G,172:G/G",149.0,A/A
201,IGHV1-17*01,14265,0.21676300578000002,memory,"14:C/C,102:A/A,110:C/C,131:G/G,140:C/C,143:C/C,147:G/G,148:G/G,171:G/G,172:G/G",149.0,G/G
202,IGHV1-17*01,14265,0.24051543789299998,background,"14:C/C,102:A/A,110:C/C,131:G/G,140:C/C,143:C/C,147:G/G,148:G/G,171:G/G,172:G/G",149.0,G/G
203,IGHV1-17*01,14265,0.22175482113000003,stimulated,"14:C/C,102:A/A,110:C/C,131:G/G,140:C/C,143:C/C,147:G/G,148:G/G,171:G/G,172:G/G",149.0,G/G
204,IGHV1-17*01,14427,0.246031746032,memory,"14:C/C,102:A/A,110:C/C,131:G/G,140:C/C,143:C/C,147:G/G,148:G/G,171:G/G,172:G/G",149.0,G/G
205,IGHV1-17*01,14427,0.276037537299,background,"14:C/C,102:A/A,110:C/C,131:G/G,140:C/C,143:C/C,147:G/G,148:G/G,171:G/G,172:G/G",149.0,G/G
206,IGHV1-17*01,14427,0.259372958589,stimulated,"14:C/C,102:A/A,110:C/C,131:G/G,140:C/C,143:C/C,147:G/G,148:G/G,171:G/G,172:G/G",149.0,G/G
207,IGHV1-17*01,14339,0.262114537445,memory,"14:C/C,102:A/A,110:C/C,131:G/G,140:C/C,143:C/C,147:G/G,148:G/G,171:G/G,172:G/G",149.0,G/G
208,IGHV1-17*01,14339,0.257069929383,background,"14:C/C,102:A/A,110:C/C,131:G/G,140:C/C,143:C/C,147:G/G,148:G/G,171:G/G,172:G/G",149.0,G/G
209,IGHV1-17*01,14339,0.245210560475,stimulated,"14:C/C,102:A/A,110:C/C,131:G/G,140:C/C,143:C/C,147:G/G,148:G/G,171:G/G,172:G/G",149.0,G/G
210,IGHV1-17*01,14085,0.224350205198,memory,"14:C/C,102:A/A,110:C/C,131:G/G,140:C/C,143:C/C,147:G/G,148:A/G,171:G/G,172:G/G",149.0,A/G
211,IGHV1-17*01,14085,0.218373424861,background,"14:C/C,102:A/A,110:C/C,131:G/G,140:C/C,143:C/C,147:G/G,148:A/G,171:G/G,172:G/G",149.0,A/G
212,IGHV1-17*01,14085,0.22021431165999997,stimulated,"14:C/C,102:A/A,110:C/C,131:G/G,140:C/C,143:C/C,147:G/G,148:A/G,171:G/G,172:G/G",149.0,A/G
213,IGHV1-17*01,14133,0.15037593985,memory,"14:C/C,102:A/A,110:C/C,131:G/G,140:C/C,143:C/C,147:G/G,148:G/G,171:G/G,172:G/G",149.0,G/G
214,IGHV1-17*01,14133,0.162558051625,background,"14:C/C,102:A/A,110:C/C,131:G/G,140:C/C,143:C/C,147:G/G,148:G/G,171:G/G,172:G/G",149.0,G/G
215,IGHV1-17*01,14133,0.17099902437800002,stimulated,"14:C/C,102:A/A,110:C/C,131:G/G,140:C/C,143:C/C,147:G/G,148:G/G,171:G/G,172:G/G",149.0,G/G
216,IGHV1-17*01,14335,0.08506075768410001,memory,"14:C/C,102:A/A,110:C/C,131:G/G,140:C/C,143:C/C,147:G/G,148:G/G,171:G/G,172:G/G",149.0,G/G
217,IGHV1-17*01,14335,0.10141874276599999,background,"14:C/C,102:A/A,110:C/C,131:G/G,140:C/C,143:C/C,147:G/G,148:G/G,171:G/G,172:G/G",149.0,G/G
218,IGHV1-17*01,14335,0.111091223791,stimulated,"14:C/C,102:A/A,110:C/C,131:G/G,140:C/C,143:C/C,147:G/G,148:G/G,171:G/G,172:G/G",149.0,G/G
219,IGHV1-17*01,14283,0.160593792173,memory,"14:C/C,102:A/A,110:C/C,131:G/G,140:C/C,143:C/C,147:G/G,148:G/G,171:G/G,172:G/G",149.0,G/G
220,IGHV1-17*01,14283,0.180889541638,background,"14:C/C,102:A/A,110:C/C,131:G/G,140:C/C,143:C/C,147:G/G,148:G/G,171:G/G,172:G/G",149.0,G/G
221,IGHV1-17*01,14283,0.170623401301,stimulated,"14:C/C,102:A/A,110:C/C,131:G/G,140:C/C,143:C/C,147:G/G,148:G/G,171:G/G,172:G/G",149.0,G/G
222,IGHV1-17*01,14207,0.0954545454545,memory,"14:C/C,102:A/A,110:A/A,131:G/G,140:G/G,143:T/T,147:G/G,148:A/A,171:G/G,172:G/G",149.0,A/A
223,IGHV1-17*01,14207,0.11540976894200002,background,"14:C/C,102:A/A,110:A/A,131:G/G,140:G/G,143:T/T,147:G/G,148:A/A,171:G/G,172:G/G",149.0,A/A
224,IGHV1-17*01,14207,0.11406992662799999,stimulated,"14:C/C,102:A/A,110:A/A,131:G/G,140:G/G,143:T/T,147:G/G,148:A/A,171:G/G,172:G/G",149.0,A/A
225,IGHV1-17*01,14063,0.196347031963,memory,"14:C/C,102:A/A,110:C/C,131:G/G,140:C/C,143:C/C,147:G/G,148:G/G,171:G/G,172:G/G",149.0,G/G
226,IGHV1-17*01,14063,0.22208071135200003,background,"14:C/C,102:A/A,110:C/C,131:G/G,140:C/C,143:C/C,147:G/G,148:G/G,171:G/G,172:G/G",149.0,G/G
227,IGHV1-17*01,14063,0.208107125632,stimulated,"14:C/C,102:A/A,110:C/C,131:G/G,140:C/C,143:C/C,147:G/G,148:G/G,171:G/G,172:G/G",149.0,G/G
228,IGHV1-17*01,14287,0.10691823899399999,memory,"14:C/C,102:A/A,110:A/A,131:G/G,140:G/G,143:T/T,147:G/G,148:A/A,171:G/G,172:G/G",149.0,A/A
229,IGHV1-17*01,14287,0.126731543939,background,"14:C/C,102:A/A,110:A/A,131:G/G,140:G/G,143:T/T,147:G/G,148:A/A,171:G/G,172:G/G",149.0,A/A
230,IGHV1-17*01,14287,0.104268158092,stimulated,"14:C/C,102:A/A,110:A/A,131:G/G,140:G/G,143:T/T,147:G/G,148:A/A,171:G/G,172:G/G",149.0,A/A
231,IGHV1-17*01,14331,0.17790697674400002,memory,"14:C/C,102:A/A,110:C/C,131:G/G,140:C/C,143:C/C,147:G/G,148:G/G,171:G/G,172:G/G",149.0,G/G
232,IGHV1-17*01,14331,0.192116762584,background,"14:C/C,102:A/A,110:C/C,131:G/G,140:C/C,143:C/C,147:G/G,148:G/G,171:G/G,172:G/G",149.0,G/G
233,IGHV1-17*01,14331,0.175024667132,stimulated,"14:C/C,102:A/A,110:C/C,131:G/G,140:C/C,143:C/C,147:G/G,148:G/G,171:G/G,172:G/G",149.0,G/G
234,IGHV1-17*01,14203,0.214592274678,memory,"14:C/C,102:A/A,110:C/C,131:G/G,140:C/C,143:C/C,147:G/G,148:G/G,171:G/G,172:G/G",149.0,G/G
235,IGHV1-17*01,14203,0.24852307714299998,background,"14:C/C,102:A/A,110:C/C,131:G/G,140:C/C,143:C/C,147:G/G,148:G/G,171:G/G,172:G/G",149.0,G/G
236,IGHV1-17*01,14203,0.232397080225,stimulated,"14:C/C,102:A/A,110:C/C,131:G/G,140:C/C,143:C/C,147:G/G,148:G/G,171:G/G,172:G/G",149.0,G/G
237,IGHV1-17*01,14067,0.235376044568,memory,"14:C/C,102:A/A,110:C/C,131:G/G,140:C/C,143:C/C,147:G/G,148:G/G,171:G/G,172:G/G",149.0,G/G
238,IGHV1-17*01,14067,0.242413106129,background,"14:C/C,102:A/A,110:C/C,131:G/G,140:C/C,143:C/C,147:G/G,148:G/G,171:G/G,172:G/G",149.0,G/G
239,IGHV1-17*01,14067,0.23255963349300002,stimulated,"14:C/C,102:A/A,110:C/C,131:G/G,140:C/C,143:C/C,147:G/G,148:G/G,171:G/G,172:G/G",149.0,G/G
240,IGHV1-17*01,14009,0.0875,memory,"14:C/C,102:A/A,110:C/C,131:G/G,140:C/C,143:C/C,147:G/G,148:A/G,171:G/G,172:G/G",149.0,A/G
241,IGHV1-17*01,14009,0.112066950302,background,"14:C/C,102:A/A,110:C/C,131:G/G,140:C/C,143:C/C,147:G/G,148:A/G,171:G/G,172:G/G",149.0,A/G
242,IGHV1-17*01,14009,0.10875798096599999,stimulated,"14:C/C,102:A/A,110:C/C,131:G/G,140:C/C,143:C/C,147:G/G,148:A/G,171:G/G,172:G/G",149.0,A/G
243,IGHV1-17*01,14321,0.06519685039369999,memory,"14:C/C,102:A/A,110:C/C,131:T/T,140:G/G,143:T/T,147:G/G,148:A/A,171:G/G,172:G/G",149.0,A/A
244,IGHV1-17*01,14321,0.0798775912108,background,"14:C/C,102:A/A,110:C/C,131:T/T,140:G/G,143:T/T,147:G/G,148:A/A,171:G/G,172:G/G",149.0,A/A
245,IGHV1-17*01,14321,0.08450451848660001,stimulated,"14:C/C,102:A/A,110:C/C,131:T/T,140:G/G,143:T/T,147:G/G,148:A/A,171:G/G,172:G/G",149.0,A/A
246,IGHV1-17*01,14297,0.247119078105,memory,"14:C/C,102:A/A,110:C/C,131:G/G,140:C/C,143:C/C,147:G/G,148:G/G,171:G/G,172:G/G",149.0,G/G
247,IGHV1-17*01,14297,0.253601369904,background,"14:C/C,102:A/A,110:C/C,131:G/G,140:C/C,143:C/C,147:G/G,148:G/G,171:G/G,172:G/G",149.0,G/G
248,IGHV1-17*01,14297,0.23091152208000001,stimulated,"14:C/C,102:A/A,110:C/C,131:G/G,140:C/C,143:C/C,147:G/G,148:G/G,171:G/G,172:G/G",149.0,G/G
249,IGHV1-17*01,14019,0.16849148418499998,memory,"14:C/C,102:A/A,110:C/C,131:G/G,140:C/C,143:C/C,147:G/G,148:G/G,171:G/G,172:G/G",149.0,G/G
250,IGHV1-17*01,14019,0.192916787231,background,"14:C/C,102:A/A,110:C/C,131:G/G,140:C/C,143:C/C,147:G/G,148:G/G,171:G/G,172:G/G",149.0,G/G
251,IGHV1-17*01,14019,0.189737536343,stimulated,"14:C/C,102:A/A,110:C/C,131:G/G,140:C/C,143:C/C,147:G/G,148:G/G,171:G/G,172:G/G",149.0,G/G
252,IGHV1-17*01,14145,0.200260078023,memory,"14:C/C,102:A/A,110:C/C,131:G/G,140:C/C,143:C/C,147:G/G,148:G/G,171:G/G,172:G/G",149.0,G/G
253,IGHV1-17*01,14145,0.20566764074700003,background,"14:C/C,102:A/A,110:C/C,131:G/G,140:C/C,143:C/C,147:G/G,148:G/G,171:G/G,172:G/G",149.0,G/G
254,IGHV1-17*01,14145,0.19462958767900002,stimulated,"14:C/C,102:A/A,110:C/C,131:G/G,140:C/C,143:C/C,147:G/G,148:G/G,171:G/G,172:G/G",149.0,G/G
255,IGHV1-17*01,14293,0.205024311183,memory,"14:C/C,102:A/A,110:C/C,131:G/G,140:C/C,143:C/C,147:G/G,148:G/G,171:G/G,172:G/G",149.0,G/G
256,IGHV1-17*01,14293,0.22700881215799998,background,"14:C/C,102:A/A,110:C/C,131:G/G,140:C/C,143:C/C,147:G/G,148:G/G,171:G/G,172:G/G",149.0,G/G
257,IGHV1-17*01,14293,0.212906794857,stimulated,"14:C/C,102:A/A,110:C/C,131:G/G,140:C/C,143:C/C,147:G/G,148:G/G,171:G/G,172:G/G",149.0,G/G
258,IGHV1-17*01,14279,0.154624277457,memory,"14:C/C,102:A/A,110:C/C,131:G/G,140:C/C,143:C/C,147:G/G,148:G/G,171:G/G,172:G/G",149.0,G/G
259,IGHV1-17*01,14279,0.17129989959199998,background,"14:C/C,102:A/A,110:C/C,131:G/G,140:C/C,143:C/C,147:G/G,148:G/G,171:G/G,172:G/G",149.0,G/G
260,IGHV1-17*01,14279,0.165750471979,stimulated,"14:C/C,102:A/A,110:C/C,131:G/G,140:C/C,143:C/C,147:G/G,148:G/G,171:G/G,172:G/G",149.0,G/G
261,IGHV1-17*01,14459,0.08649093904449999,memory,"14:C/C,102:A/A,110:C/C,131:T/T,140:G/G,143:T/T,147:G/G,148:A/A,171:G/G,172:G/G",149.0,A/A
262,IGHV1-17*01,14459,0.119836565973,background,"14:C/C,102:A/A,110:C/C,131:T/T,140:G/G,143:T/T,147:G/G,148:A/A,171:G/G,172:G/G",149.0,A/A
263,IGHV1-17*01,14459,0.105648881012,stimulated,"14:C/C,102:A/A,110:C/C,131:T/T,140:G/G,143:T/T,147:G/G,148:A/A,171:G/G,172:G/G",149.0,A/A
264,IGHV1-17*01,14437,0.0855920114123,memory,"14:C/C,102:A/A,110:C/C,131:G/G,140:C/C,143:C/C,147:G/G,148:A/G,171:G/G,172:G/G",149.0,A/G
265,IGHV1-17*01,14437,0.105077716603,background,"14:C/C,102:A/A,110:C/C,131:G/G,140:C/C,143:C/C,147:G/G,148:A/G,171:G/G,172:G/G",149.0,A/G
266,IGHV1-17*01,14437,0.107380006458,stimulated,"14:C/C,102:A/A,110:C/C,131:G/G,140:C/C,143:C/C,147:G/G,148:A/G,171:G/G,172:G/G",149.0,A/G
267,IGHV1-17*01,14275,0.222317596567,memory,"14:C/C,102:A/A,110:C/C,131:G/G,140:C/C,143:C/C,147:G/G,148:G/G,171:G/G,172:G/G",149.0,G/G
268,IGHV1-17*01,14275,0.26933911636700003,background,"14:C/C,102:A/A,110:C/C,131:G/G,140:C/C,143:C/C,147:G/G,148:G/G,171:G/G,172:G/G",149.0,G/G
269,IGHV1-17*01,14275,0.24104412407200002,stimulated,"14:C/C,102:A/A,110:C/C,131:G/G,140:C/C,143:C/C,147:G/G,148:G/G,171:G/G,172:G/G",149.0,G/G
270,IGHV1-17*01,14347,0.264204545455,memory,"14:C/C,102:A/A,110:C/C,131:G/G,140:C/C,143:C/C,147:G/G,148:G/G,171:G/G,172:G/G",149.0,G/G
271,IGHV1-17*01,14347,0.220532698466,background,"14:C/C,102:A/A,110:C/C,131:G/G,140:C/C,143:C/C,147:G/G,148:G/G,171:G/G,172:G/G",149.0,G/G
272,IGHV1-17*01,14347,0.228327804399,stimulated,"14:C/C,102:A/A,110:C/C,131:G/G,140:C/C,143:C/C,147:G/G,148:G/G,171:G/G,172:G/G",149.0,G/G
273,IGHV1-17*01,14329,0.09429280397019998,memory,"14:C/C,102:A/A,110:C/C,131:G/G,140:C/C,143:C/C,147:G/G,148:A/G,171:G/G,172:G/G",149.0,A/G
274,IGHV1-17*01,14329,0.118928463514,background,"14:C/C,102:A/A,110:C/C,131:G/G,140:C/C,143:C/C,147:G/G,148:A/G,171:G/G,172:G/G",149.0,A/G
275,IGHV1-17*01,14329,0.11335002166500001,stimulated,"14:C/C,102:A/A,110:C/C,131:G/G,140:C/C,143:C/C,147:G/G,148:A/G,171:G/G,172:G/G",149.0,A/G
276,IGHV1-17*01,14123,0.262872628726,memory,"14:C/C,102:A/A,110:C/C,131:G/G,140:C/C,143:C/C,147:G/G,148:G/G,171:G/G,172:G/G",149.0,G/G
277,IGHV1-17*01,14123,0.265060240964,background,"14:C/C,102:A/A,110:C/C,131:G/G,140:C/C,143:C/C,147:G/G,148:G/G,171:G/G,172:G/G",149.0,G/G
278,IGHV1-17*01,14123,0.25278472306,stimulated,"14:C/C,102:A/A,110:C/C,131:G/G,140:C/C,143:C/C,147:G/G,148:G/G,171:G/G,172:G/G",149.0,G/G
279,IGHV1-17*01,14095,0.151694915254,memory,"14:C/C,102:A/A,110:C/C,131:G/G,140:C/C,143:C/C,147:G/G,148:G/G,171:G/G,172:G/G",149.0,G/G
280,IGHV1-17*01,14095,0.17573281311500002,background,"14:C/C,102:A/A,110:C/C,131:G/G,140:C/C,143:C/C,147:G/G,148:G/G,171:G/G,172:G/G",149.0,G/G
281,IGHV1-17*01,14095,0.177420023161,stimulated,"14:C/C,102:A/A,110:C/C,131:G/G,140:C/C,143:C/C,147:G/G,148:G/G,171:G/G,172:G/G",149.0,G/G
282,IGHV1-17*01,14271,0.196875,memory,"14:C/C,102:A/A,110:C/C,131:G/G,140:C/G,143:C/T,147:G/G,148:A/G,171:G/G,172:G/G",149.0,A/G
283,IGHV1-17*01,14271,0.209692751382,background,"14:C/C,102:A/A,110:C/C,131:G/G,140:C/G,143:C/T,147:G/G,148:A/G,171:G/G,172:G/G",149.0,A/G
284,IGHV1-17*01,14271,0.196566426184,stimulated,"14:C/C,102:A/A,110:C/C,131:G/G,140:C/G,143:C/T,147:G/G,148:A/G,171:G/G,172:G/G",149.0,A/G
285,IGHV1-17*01,14433,0.19289340101500002,memory,"14:C/C,102:A/A,110:C/C,131:G/G,140:C/C,143:C/C,147:G/G,148:G/G,171:G/G,172:G/G",149.0,G/G
286,IGHV1-17*01,14433,0.20618982852,background,"14:C/C,102:A/A,110:C/C,131:G/G,140:C/C,143:C/C,147:G/G,148:G/G,171:G/G,172:G/G",149.0,G/G
287,IGHV1-17*01,14433,0.1954595125,stimulated,"14:C/C,102:A/A,110:C/C,131:G/G,140:C/C,143:C/C,147:G/G,148:G/G,171:G/G,172:G/G",149.0,G/G
288,IGHV1-17*01,14149,0.207718501703,memory,"14:C/C,102:A/A,110:C/C,131:G/G,140:C/C,143:C/C,147:G/G,148:A/G,171:G/G,172:G/G",149.0,A/G
289,IGHV1-17*01,14149,0.231513787947,background,"14:C/C,102:A/A,110:C/C,131:G/G,140:C/C,143:C/C,147:G/G,148:A/G,171:G/G,172:G/G",149.0,A/G
290,IGHV1-17*01,14149,0.22308068971,stimulated,"14:C/C,102:A/A,110:C/C,131:G/G,140:C/C,143:C/C,147:G/G,148:A/G,171:G/G,172:G/G",149.0,A/G
291,IGHV1-17*01,14091,0.19084423305599998,memory,"14:C/C,102:A/A,110:C/C,131:G/G,140:C/C,143:C/C,147:G/G,148:G/G,171:G/G,172:G/G",149.0,G/G
292,IGHV1-17*01,14091,0.221112856181,background,"14:C/C,102:A/A,110:C/C,131:G/G,140:C/C,143:C/C,147:G/G,148:G/G,171:G/G,172:G/G",149.0,G/G
293,IGHV1-17*01,14091,0.206656364917,stimulated,"14:C/C,102:A/A,110:C/C,131:G/G,140:C/C,143:C/C,147:G/G,148:G/G,171:G/G,172:G/G",149.0,G/G
294,IGHV1-17*01,14127,0.177133655395,memory,"14:C/C,102:A/A,110:C/C,131:G/G,140:C/C,143:C/C,147:G/G,148:G/G,171:G/G,172:G/G",149.0,G/G
295,IGHV1-17*01,14127,0.218209427741,background,"14:C/C,102:A/A,110:C/C,131:G/G,140:C/C,143:C/C,147:G/G,148:G/G,171:G/G,172:G/G",149.0,G/G
296,IGHV1-17*01,14127,0.21565371707699998,stimulated,"14:C/C,102:A/A,110:C/C,131:G/G,140:C/C,143:C/C,147:G/G,148:G/G,171:G/G,172:G/G",149.0,G/G
297,IGHV1-17*01,14015,0.0750695088044,memory,"14:C/C,102:A/A,110:C/C,131:T/T,140:G/G,143:T/T,147:G/G,148:A/A,171:G/G,172:G/G",149.0,A/A
298,IGHV1-17*01,14015,0.101473322507,background,"14:C/C,102:A/A,110:C/C,131:T/T,140:G/G,143:T/T,147:G/G,148:A/A,171:G/G,172:G/G",149.0,A/A
299,IGHV1-17*01,14015,0.10664685720799999,stimulated,"14:C/C,102:A/A,110:C/C,131:T/T,140:G/G,143:T/T,147:G/G,148:A/A,171:G/G,172:G/G",149.0,A/A
300,IGHV1-17*01,14065,0.195667870036,memory,"14:C/C,102:A/A,110:C/C,131:G/G,140:C/C,143:C/C,147:G/G,148:G/G,171:G/G,172:G/G",149.0,G/G
301,IGHV1-17*01,14065,0.19043684808400002,background,"14:C/C,102:A/A,110:C/C,131:G/G,140:C/C,143:C/C,147:G/G,148:G/G,171:G/G,172:G/G",149.0,G/G
302,IGHV1-17*01,14065,0.188740305056,stimulated,"14:C/C,102:A/A,110:C/C,131:G/G,140:C/C,143:C/C,147:G/G,148:G/G,171:G/G,172:G/G",149.0,G/G
303,IGHV1-17*01,14139,0.213627992634,memory,"14:C/C,102:A/A,110:C/C,131:G/G,140:C/C,143:C/C,147:G/G,148:G/G,171:G/G,172:G/G",149.0,G/G
304,IGHV1-17*01,14139,0.215811864275,background,"14:C/C,102:A/A,110:C/C,131:G/G,140:C/C,143:C/C,147:G/G,148:G/G,171:G/G,172:G/G",149.0,G/G
305,IGHV1-17*01,14139,0.19389547571199997,stimulated,"14:C/C,102:A/A,110:C/C,131:G/G,140:C/C,143:C/C,147:G/G,148:G/G,171:G/G,172:G/G",149.0,G/G
306,IGHV1-17*01,14157,0.0994594594595,memory,"14:C/C,102:A/A,110:C/C,131:T/T,140:G/G,143:T/T,147:G/G,148:A/A,171:G/G,172:G/G",149.0,A/A
307,IGHV1-17*01,14157,0.100812842797,background,"14:C/C,102:A/A,110:C/C,131:T/T,140:G/G,143:T/T,147:G/G,148:A/A,171:G/G,172:G/G",149.0,A/A
308,IGHV1-17*01,14157,0.09179592629769999,stimulated,"14:C/C,102:A/A,110:C/C,131:T/T,140:G/G,143:T/T,147:G/G,148:A/A,171:G/G,172:G/G",149.0,A/A
309,IGHV1-17*01,14285,0.263852242744,memory,"14:C/C,102:A/A,110:C/C,131:G/G,140:C/C,143:C/C,147:G/G,148:G/G,171:G/G,172:G/G",149.0,G/G
310,IGHV1-17*01,14285,0.256255789073,background,"14:C/C,102:A/A,110:C/C,131:G/G,140:C/C,143:C/C,147:G/G,148:G/G,171:G/G,172:G/G",149.0,G/G
311,IGHV1-17*01,14285,0.247964208556,stimulated,"14:C/C,102:A/A,110:C/C,131:G/G,140:C/C,143:C/C,147:G/G,148:G/G,171:G/G,172:G/G",149.0,G/G
312,IGHV1-17*01,14333,0.222464558342,memory,"14:C/C,102:A/A,110:C/C,131:G/G,140:C/C,143:C/C,147:G/G,148:G/G,171:G/G,172:G/G",149.0,G/G
313,IGHV1-17*01,14333,0.24859264813700002,background,"14:C/C,102:A/A,110:C/C,131:G/G,140:C/C,143:C/C,147:G/G,148:G/G,171:G/G,172:G/G",149.0,G/G
314,IGHV1-17*01,14333,0.23259446672200002,stimulated,"14:C/C,102:A/A,110:C/C,131:G/G,140:C/C,143:C/C,147:G/G,148:G/G,171:G/G,172:G/G",149.0,G/G
315,IGHV1-17*01,14201,0.19896640826900003,memory,"14:C/C,102:A/A,110:C/C,131:G/G,140:C/C,143:C/C,147:G/G,148:G/G,171:G/G,172:G/G",149.0,G/G
316,IGHV1-17*01,14201,0.194605589868,background,"14:C/C,102:A/A,110:C/C,131:G/G,140:C/C,143:C/C,147:G/G,148:G/G,171:G/G,172:G/G",149.0,G/G
317,IGHV1-17*01,14201,0.205565737164,stimulated,"14:C/C,102:A/A,110:C/C,131:G/G,140:C/C,143:C/C,147:G/G,148:G/G,171:G/G,172:G/G",149.0,G/G
318,IGHV1-17*01,14061,0.06732891832230001,memory,"14:C/C,102:A/A,110:C/C,131:T/T,140:G/G,143:T/T,147:G/G,148:A/A,171:G/G,172:G/G",149.0,A/A
319,IGHV1-17*01,14061,0.09271174838780001,background,"14:C/C,102:A/A,110:C/C,131:T/T,140:G/G,143:T/T,147:G/G,148:A/A,171:G/G,172:G/G",149.0,A/A
320,IGHV1-17*01,14061,0.0956091644716,stimulated,"14:C/C,102:A/A,110:C/C,131:T/T,140:G/G,143:T/T,147:G/G,148:A/A,171:G/G,172:G/G",149.0,A/A
321,IGHV1-17*01,14153,0.17885264342,memory,"14:C/C,102:A/A,110:C/C,131:G/G,140:C/G,143:C/T,147:G/G,148:A/G,171:G/G,172:G/G",149.0,A/G
322,IGHV1-17*01,14153,0.200602935343,background,"14:C/C,102:A/A,110:C/C,131:G/G,140:C/G,143:C/T,147:G/G,148:A/G,171:G/G,172:G/G",149.0,A/G
323,IGHV1-17*01,14153,0.19380233171300001,stimulated,"14:C/C,102:A/A,110:C/C,131:G/G,140:C/G,143:C/T,147:G/G,148:A/G,171:G/G,172:G/G",149.0,A/G
324,IGHV1-17*01,14359,0.181996086106,memory,"14:C/C,102:A/A,110:C/C,131:G/G,140:C/C,143:C/C,147:G/G,148:G/G,171:G/G,172:G/G",149.0,G/G
325,IGHV1-17*01,14359,0.18698023294799998,background,"14:C/C,102:A/A,110:C/C,131:G/G,140:C/C,143:C/C,147:G/G,148:G/G,171:G/G,172:G/G",149.0,G/G
326,IGHV1-17*01,14359,0.18977519218,stimulated,"14:C/C,102:A/A,110:C/C,131:G/G,140:C/C,143:C/C,147:G/G,148:G/G,171:G/G,172:G/G",149.0,G/G
327,IGHV1-17*01,14429,0.245862884161,memory,"14:C/C,102:A/A,110:C/C,131:G/G,140:C/C,143:C/C,147:G/G,148:G/G,171:G/G,172:G/G",149.0,G/G
328,IGHV1-17*01,14429,0.249538634776,background,"14:C/C,102:A/A,110:C/C,131:G/G,140:C/C,143:C/C,147:G/G,148:G/G,171:G/G,172:G/G",149.0,G/G
329,IGHV1-17*01,14429,0.264908658902,stimulated,"14:C/C,102:A/A,110:C/C,131:G/G,140:C/C,143:C/C,147:G/G,148:G/G,171:G/G,172:G/G",149.0,G/G
330,IGHV1-17*01,14267,0.221818181818,memory,"14:C/C,102:A/A,110:C/C,131:G/G,140:C/C,143:C/C,147:G/G,148:G/G,171:G/G,172:G/G",149.0,G/G
331,IGHV1-17*01,14267,0.278332554098,background,"14:C/C,102:A/A,110:C/C,131:G/G,140:C/C,143:C/C,147:G/G,148:G/G,171:G/G,172:G/G",149.0,G/G
332,IGHV1-17*01,14267,0.26283089454,stimulated,"14:C/C,102:A/A,110:C/C,131:G/G,140:C/C,143:C/C,147:G/G,148:G/G,171:G/G,172:G/G",149.0,G/G
333,IGHV1-17*01,14425,0.182994454713,memory,"14:C/C,102:A/A,110:C/C,131:G/G,140:C/C,143:C/C,147:G/G,148:G/G,171:G/G,172:G/G",149.0,G/G
334,IGHV1-17*01,14425,0.200569246184,background,"14:C/C,102:A/A,110:C/C,131:G/G,140:C/C,143:C/C,147:G/G,148:G/G,171:G/G,172:G/G",149.0,G/G
335,IGHV1-17*01,14425,0.205138511858,stimulated,"14:C/C,102:A/A,110:C/C,131:G/G,140:C/C,143:C/C,147:G/G,148:G/G,171:G/G,172:G/G",149.0,G/G
336,IGHV1-17*01,14209,0.225263981228,memory,"14:C/C,102:A/A,110:C/C,131:G/G,140:C/C,143:C/C,147:G/G,148:A/G,171:G/G,172:G/G",149.0,A/G
337,IGHV1-17*01,14209,0.22190518620000002,background,"14:C/C,102:A/A,110:C/C,131:G/G,140:C/C,143:C/C,147:G/G,148:A/G,171:G/G,172:G/G",149.0,A/G
338,IGHV1-17*01,14209,0.215897006476,stimulated,"14:C/C,102:A/A,110:C/C,131:G/G,140:C/C,143:C/C,147:G/G,148:A/G,171:G/G,172:G/G",149.0,A/G
339,IGHV1-17*01,14355,0.19367588932799998,memory,"14:C/C,102:A/A,110:C/C,131:G/G,140:C/C,143:C/C,147:G/G,148:G/G,171:G/G,172:G/G",149.0,G/G
340,IGHV1-17*01,14355,0.20650219986200002,background,"14:C/C,102:A/A,110:C/C,131:G/G,140:C/C,143:C/C,147:G/G,148:G/G,171:G/G,172:G/G",149.0,G/G
341,IGHV1-17*01,14355,0.20999587511,stimulated,"14:C/C,102:A/A,110:C/C,131:G/G,140:C/C,143:C/C,147:G/G,148:G/G,171:G/G,172:G/G",149.0,G/G
342,IGHV1-17*01,14135,0.21668597914299997,memory,"14:C/C,102:A/A,110:C/C,131:G/G,140:C/C,143:C/C,147:G/G,148:G/G,171:G/G,172:G/G",149.0,G/G
343,IGHV1-17*01,14135,0.215542102687,background,"14:C/C,102:A/A,110:C/C,131:G/G,140:C/C,143:C/C,147:G/G,148:G/G,171:G/G,172:G/G",149.0,G/G
344,IGHV1-17*01,14135,0.209893257227,stimulated,"14:C/C,102:A/A,110:C/C,131:G/G,140:C/C,143:C/C,147:G/G,148:G/G,171:G/G,172:G/G",149.0,G/G
345,IGHV1-17*01,14069,0.251468860165,memory,"14:C/C,102:A/A,110:C/C,131:G/G,140:C/C,143:C/C,147:G/G,148:G/G,171:G/G,172:G/G",149.0,G/G
346,IGHV1-17*01,14069,0.26947354740400004,background,"14:C/C,102:A/A,110:C/C,131:G/G,140:C/C,143:C/C,147:G/G,148:G/G,171:G/G,172:G/G",149.0,G/G
347,IGHV1-17*01,14069,0.263616911497,stimulated,"14:C/C,102:A/A,110:C/C,131:G/G,140:C/C,143:C/C,147:G/G,148:G/G,171:G/G,172:G/G",149.0,G/G
348,IGHV1-17*01,14421,0.19569892473099998,memory,"14:C/C,102:A/A,110:C/C,131:G/G,140:C/C,143:C/C,147:G/G,148:G/G,171:G/G,172:G/G",149.0,G/G
349,IGHV1-17*01,14421,0.198482430053,background,"14:C/C,102:A/A,110:C/C,131:G/G,140:C/C,143:C/C,147:G/G,148:G/G,171:G/G,172:G/G",149.0,G/G
350,IGHV1-17*01,14421,0.205625359794,stimulated,"14:C/C,102:A/A,110:C/C,131:G/G,140:C/C,143:C/C,147:G/G,148:G/G,171:G/G,172:G/G",149.0,G/G
351,IGHV1-17*01,14263,0.199111111111,memory,"14:C/C,102:A/A,110:C/C,131:G/G,140:C/C,143:C/C,147:G/G,148:G/G,171:G/G,172:G/G",149.0,G/G
352,IGHV1-17*01,14263,0.229069139359,background,"14:C/C,102:A/A,110:C/C,131:G/G,140:C/C,143:C/C,147:G/G,148:G/G,171:G/G,172:G/G",149.0,G/G
353,IGHV1-17*01,14263,0.242944128569,stimulated,"14:C/C,102:A/A,110:C/C,131:G/G,140:C/C,143:C/C,147:G/G,148:G/G,171:G/G,172:G/G",149.0,G/G
354,IGHV1-17*01,14289,0.21668909825,memory,"14:C/C,102:A/A,110:C/C,131:G/G,140:C/C,143:C/C,147:G/G,148:G/G,171:G/G,172:G/G",149.0,G/G
355,IGHV1-17*01,14289,0.230220661777,background,"14:C/C,102:A/A,110:C/C,131:G/G,140:C/C,143:C/C,147:G/G,148:G/G,171:G/G,172:G/G",149.0,G/G
356,IGHV1-17*01,14289,0.219426407595,stimulated,"14:C/C,102:A/A,110:C/C,131:G/G,140:C/C,143:C/C,147:G/G,148:G/G,171:G/G,172:G/G",149.0,G/G
357,IGHV1-17*01,14385,0.22848200313,memory,"14:C/C,102:A/A,110:C/C,131:G/G,140:C/C,143:C/C,147:G/G,148:G/G,171:G/G,172:G/G",149.0,G/G
358,IGHV1-17*01,14385,0.254628723736,background,"14:C/C,102:A/A,110:C/C,131:G/G,140:C/C,143:C/C,147:G/G,148:G/G,171:G/G,172:G/G",149.0,G/G
359,IGHV1-17*01,14385,0.247760917354,stimulated,"14:C/C,102:A/A,110:C/C,131:G/G,140:C/C,143:C/C,147:G/G,148:G/G,171:G/G,172:G/G",149.0,G/G
360,IGHV1-17*01,14471,0.133891213389,memory,"14:C/C,102:A/A,110:C/C,131:G/G,140:C/C,143:C/C,147:G/G,148:A/G,171:G/G,172:G/G",149.0,A/G
361,IGHV1-17*01,14471,0.151728530059,background,"14:C/C,102:A/A,110:C/C,131:G/G,140:C/C,143:C/C,147:G/G,148:A/G,171:G/G,172:G/G",149.0,A/G
362,IGHV1-17*01,14471,0.154033053226,stimulated,"14:C/C,102:A/A,110:C/C,131:G/G,140:C/C,143:C/C,147:G/G,148:A/G,171:G/G,172:G/G",149.0,A/G
363,IGHV1-17*01,14233,0.0794701986755,memory,"14:C/C,102:A/A,110:A/A,131:G/G,140:G/G,143:T/T,147:G/G,148:A/A,171:G/G,172:G/G",149.0,A/A
364,IGHV1-17*01,14233,0.110341359061,background,"14:C/C,102:A/A,110:A/A,131:G/G,140:G/G,143:T/T,147:G/G,148:A/A,171:G/G,172:G/G",149.0,A/A
365,IGHV1-17*01,14233,0.09720984893,stimulated,"14:C/C,102:A/A,110:A/A,131:G/G,140:G/G,143:T/T,147:G/G,148:A/A,171:G/G,172:G/G",149.0,A/A
366,IGHV1-17*01,14301,0.073500967118,memory,"14:C/C,102:A/A,110:A/A,131:G/G,140:G/G,143:T/T,147:G/G,148:A/A,171:G/G,172:G/G",149.0,A/A
367,IGHV1-17*01,14301,0.11327592270199999,background,"14:C/C,102:A/A,110:A/A,131:G/G,140:G/G,143:T/T,147:G/G,148:A/A,171:G/G,172:G/G",149.0,A/A
368,IGHV1-17*01,14301,0.105800774407,stimulated,"14:C/C,102:A/A,110:A/A,131:G/G,140:G/G,143:T/T,147:G/G,148:A/A,171:G/G,172:G/G",149.0,A/A
369,IGHV1-17*01,14039,0.18406805877799998,memory,"14:C/C,102:A/A,110:C/C,131:G/G,140:C/C,143:C/C,147:G/G,148:A/G,171:G/G,172:G/G",149.0,A/G
370,IGHV1-17*01,14039,0.187308852809,background,"14:C/C,102:A/A,110:C/C,131:G/G,140:C/C,143:C/C,147:G/G,148:A/G,171:G/G,172:G/G",149.0,A/G
371,IGHV1-17*01,14039,0.186757291467,stimulated,"14:C/C,102:A/A,110:C/C,131:G/G,140:C/C,143:C/C,147:G/G,148:A/G,171:G/G,172:G/G",149.0,A/G
372,IGHV1-17*01,14057,0.24731595091999997,memory,"14:C/C,102:A/A,110:C/C,131:G/G,140:C/C,143:C/C,147:G/G,148:G/G,171:G/G,172:G/G",149.0,G/G
373,IGHV1-17*01,14057,0.261169273095,background,"14:C/C,102:A/A,110:C/C,131:G/G,140:C/C,143:C/C,147:G/G,148:G/G,171:G/G,172:G/G",149.0,G/G
374,IGHV1-17*01,14057,0.242871470807,stimulated,"14:C/C,102:A/A,110:C/C,131:G/G,140:C/C,143:C/C,147:G/G,148:G/G,171:G/G,172:G/G",149.0,G/G
375,IGHV1-17*01,14475,0.16220735785999998,memory,"14:C/C,102:A/A,110:C/C,131:G/G,140:C/C,143:C/C,147:G/G,148:G/G,171:G/G,172:G/G",149.0,G/G
376,IGHV1-17*01,14475,0.17298769512,background,"14:C/C,102:A/A,110:C/C,131:G/G,140:C/C,143:C/C,147:G/G,148:G/G,171:G/G,172:G/G",149.0,G/G
377,IGHV1-17*01,14475,0.17442482995499997,stimulated,"14:C/C,102:A/A,110:C/C,131:G/G,140:C/C,143:C/C,147:G/G,148:G/G,171:G/G,172:G/G",149.0,G/G
378,IGHV1-17*01,14259,0.218032786885,memory,"14:C/C,102:A/A,110:C/C,131:G/G,140:C/C,143:C/C,147:G/G,148:A/G,171:G/G,172:G/G",149.0,A/G
379,IGHV1-17*01,14259,0.228279043781,background,"14:C/C,102:A/A,110:C/C,131:G/G,140:C/C,143:C/C,147:G/G,148:A/G,171:G/G,172:G/G",149.0,A/G
380,IGHV1-17*01,14259,0.233569432228,stimulated,"14:C/C,102:A/A,110:C/C,131:G/G,140:C/C,143:C/C,147:G/G,148:A/G,171:G/G,172:G/G",149.0,A/G
381,IGHV1-17*01,14381,0.08452454940960001,memory,"14:C/C,102:A/A,110:C/C,131:T/T,140:G/G,143:T/T,147:G/G,148:A/A,171:G/G,172:G/G",149.0,A/A
382,IGHV1-17*01,14381,0.105424243332,background,"14:C/C,102:A/A,110:C/C,131:T/T,140:G/G,143:T/T,147:G/G,148:A/A,171:G/G,172:G/G",149.0,A/A
383,IGHV1-17*01,14381,0.10005415997400001,stimulated,"14:C/C,102:A/A,110:C/C,131:T/T,140:G/G,143:T/T,147:G/G,148:A/A,171:G/G,172:G/G",149.0,A/A
384,IGHV1-17*01,14305,0.227156712608,memory,"14:C/C,102:A/A,110:C/C,131:G/G,140:C/C,143:C/C,147:G/G,148:G/G,171:G/G,172:G/G",149.0,G/G
385,IGHV1-17*01,14305,0.21173068706300002,background,"14:C/C,102:A/A,110:C/C,131:G/G,140:C/C,143:C/C,147:G/G,148:G/G,171:G/G,172:G/G",149.0,G/G
386,IGHV1-17*01,14305,0.20794308779800003,stimulated,"14:C/C,102:A/A,110:C/C,131:G/G,140:C/C,143:C/C,147:G/G,148:G/G,171:G/G,172:G/G",149.0,G/G
387,IGHV1-17*01,14161,0.181818181818,memory,"14:C/C,102:A/A,110:C/C,131:G/G,140:C/C,143:C/C,147:G/G,148:G/G,171:G/G,172:G/G",149.0,G/G
388,IGHV1-17*01,14161,0.187766101499,background,"14:C/C,102:A/A,110:C/C,131:G/G,140:C/C,143:C/C,147:G/G,148:G/G,171:G/G,172:G/G",149.0,G/G
389,IGHV1-17*01,14161,0.184868612652,stimulated,"14:C/C,102:A/A,110:C/C,131:G/G,140:C/C,143:C/C,147:G/G,148:G/G,171:G/G,172:G/G",149.0,G/G
390,IGHV1-17*01,14053,0.285899094437,memory,"14:C/C,102:A/A,110:C/C,131:G/G,140:C/C,143:C/C,147:G/G,148:G/G,171:G/G,172:G/G",149.0,G/G
391,IGHV1-17*01,14053,0.289135819266,background,"14:C/C,102:A/A,110:C/C,131:G/G,140:C/C,143:C/C,147:G/G,148:G/G,171:G/G,172:G/G",149.0,G/G
392,IGHV1-17*01,14053,0.269450695075,stimulated,"14:C/C,102:A/A,110:C/C,131:G/G,140:C/C,143:C/C,147:G/G,148:G/G,171:G/G,172:G/G",149.0,G/G
393,IGHV1-17*01,14367,0.17680608364999997,memory,"14:C/C,102:A/A,110:C/C,131:G/G,140:C/C,143:C/C,147:G/G,148:G/G,171:G/G,172:G/G",149.0,G/G
394,IGHV1-17*01,14367,0.204433015869,background,"14:C/C,102:A/A,110:C/C,131:G/G,140:C/C,143:C/C,147:G/G,148:G/G,171:G/G,172:G/G",149.0,G/G
395,IGHV1-17*01,14367,0.203601302379,stimulated,"14:C/C,102:A/A,110:C/C,131:G/G,140:C/C,143:C/C,147:G/G,148:G/G,171:G/G,172:G/G",149.0,G/G
396,IGHV1-17*01,14255,0.17038102084800003,memory,"14:C/C,102:A/A,110:C/C,131:G/G,140:C/G,143:C/T,147:G/G,148:A/G,171:G/G,172:G/G",149.0,A/G
397,IGHV1-17*01,14255,0.212939594452,background,"14:C/C,102:A/A,110:C/C,131:G/G,140:C/G,143:C/T,147:G/G,148:A/G,171:G/G,172:G/G",149.0,A/G
398,IGHV1-17*01,14255,0.20912460231600002,stimulated,"14:C/C,102:A/A,110:C/C,131:G/G,140:C/G,143:C/T,147:G/G,148:A/G,171:G/G,172:G/G",149.0,A/G
399,IGHV1-17*01,14417,0.19095022624400002,memory,"14:C/C,102:A/A,110:C/C,131:G/G,140:C/G,143:C/T,147:G/G,148:A/G,171:G/G,172:G/G",149.0,A/G
400,IGHV1-17*01,14417,0.217767990903,background,"14:C/C,102:A/A,110:C/C,131:G/G,140:C/G,143:C/T,147:G/G,148:A/G,171:G/G,172:G/G",149.0,A/G
401,IGHV1-17*01,14417,0.20706009929400002,stimulated,"14:C/C,102:A/A,110:C/C,131:G/G,140:C/G,143:C/T,147:G/G,148:A/G,171:G/G,172:G/G",149.0,A/G
402,IGHV1-17*01,14031,0.16676961087099998,memory,"14:C/C,102:A/A,110:C/C,131:G/G,140:C/C,143:C/C,147:G/G,148:G/G,171:G/G,172:G/G",149.0,G/G
403,IGHV1-17*01,14031,0.203515905286,background,"14:C/C,102:A/A,110:C/C,131:G/G,140:C/C,143:C/C,147:G/G,148:G/G,171:G/G,172:G/G",149.0,G/G
404,IGHV1-17*01,14031,0.20291193355300002,stimulated,"14:C/C,102:A/A,110:C/C,131:G/G,140:C/C,143:C/C,147:G/G,148:G/G,171:G/G,172:G/G",149.0,G/G
405,IGHV1-17*01,14103,0.177215189873,memory,"14:C/C,102:A/A,110:C/C,131:G/G,140:C/C,143:C/C,147:G/G,148:G/G,171:G/G,172:G/G",149.0,G/G
406,IGHV1-17*01,14103,0.177605404344,background,"14:C/C,102:A/A,110:C/C,131:G/G,140:C/C,143:C/C,147:G/G,148:G/G,171:G/G,172:G/G",149.0,G/G
407,IGHV1-17*01,14103,0.16851928817,stimulated,"14:C/C,102:A/A,110:C/C,131:G/G,140:C/C,143:C/C,147:G/G,148:G/G,171:G/G,172:G/G",149.0,G/G
408,IGHV1-17*01,14363,0.07394668959589999,memory,"14:C/C,102:A/A,110:C/C,131:G/G,140:C/C,143:C/C,147:G/G,148:A/G,171:G/G,172:G/G",149.0,A/G
409,IGHV1-17*01,14363,0.09989591990289999,background,"14:C/C,102:A/A,110:C/C,131:G/G,140:C/C,143:C/C,147:G/G,148:A/G,171:G/G,172:G/G",149.0,A/G
410,IGHV1-17*01,14363,0.109604995071,stimulated,"14:C/C,102:A/A,110:C/C,131:G/G,140:C/C,143:C/C,147:G/G,148:A/G,171:G/G,172:G/G",149.0,A/G
411,IGHV1-17*01,14389,0.0914798206278,memory,"14:C/C,102:A/A,110:C/C,131:G/G,140:C/C,143:C/C,147:G/G,148:A/G,171:G/G,172:G/G",149.0,A/G
412,IGHV1-17*01,14389,0.100636621249,background,"14:C/C,102:A/A,110:C/C,131:G/G,140:C/C,143:C/C,147:G/G,148:A/G,171:G/G,172:G/G",149.0,A/G
413,IGHV1-17*01,14389,0.107010487064,stimulated,"14:C/C,102:A/A,110:C/C,131:G/G,140:C/C,143:C/C,147:G/G,148:A/G,171:G/G,172:G/G",149.0,A/G
414,IGHV1-17*01,14413,0.160611854685,memory,"14:C/C,102:A/A,110:C/C,131:G/G,140:C/C,143:C/C,147:G/G,148:G/G,171:G/G,172:G/G",149.0,G/G
415,IGHV1-17*01,14413,0.185714402692,background,"14:C/C,102:A/A,110:C/C,131:G/G,140:C/C,143:C/C,147:G/G,148:G/G,171:G/G,172:G/G",149.0,G/G
416,IGHV1-17*01,14413,0.201258481773,stimulated,"14:C/C,102:A/A,110:C/C,131:G/G,140:C/C,143:C/C,147:G/G,148:G/G,171:G/G,172:G/G",149.0,G/G
417,IGHV1-17*01,14251,0.259292035398,memory,"14:C/C,102:A/A,110:C/C,131:G/G,140:C/C,143:C/C,147:G/G,148:G/G,171:G/G,172:G/G",149.0,G/G
418,IGHV1-17*01,14251,0.267239417834,background,"14:C/C,102:A/A,110:C/C,131:G/G,140:C/C,143:C/C,147:G/G,148:G/G,171:G/G,172:G/G",149.0,G/G
419,IGHV1-17*01,14251,0.24991701892700002,stimulated,"14:C/C,102:A/A,110:C/C,131:G/G,140:C/C,143:C/C,147:G/G,148:G/G,171:G/G,172:G/G",149.0,G/G
420,IGHV1-17*01,14035,0.197144799456,memory,"14:C/C,102:A/A,110:C/C,131:G/G,140:C/C,143:C/C,147:G/G,148:G/G,171:G/G,172:G/G",149.0,G/G
421,IGHV1-17*01,14035,0.203648170204,background,"14:C/C,102:A/A,110:C/C,131:G/G,140:C/C,143:C/C,147:G/G,148:G/G,171:G/G,172:G/G",149.0,G/G
422,IGHV1-17*01,14035,0.19689996792599998,stimulated,"14:C/C,102:A/A,110:C/C,131:G/G,140:C/C,143:C/C,147:G/G,148:G/G,171:G/G,172:G/G",149.0,G/G
423,IGHV1-17*01,14169,0.103538663172,memory,"14:C/C,102:A/A,110:A/A,131:G/G,140:G/G,143:T/T,147:G/G,148:A/A,171:G/G,172:G/G",149.0,A/A
424,IGHV1-17*01,14169,0.12946808197,background,"14:C/C,102:A/A,110:A/A,131:G/G,140:G/G,143:T/T,147:G/G,148:A/A,171:G/G,172:G/G",149.0,A/A
425,IGHV1-17*01,14169,0.112030419607,stimulated,"14:C/C,102:A/A,110:A/A,131:G/G,140:G/G,143:T/T,147:G/G,148:A/A,171:G/G,172:G/G",149.0,A/A
426,IGHV1-17*01,14107,0.20032223415699998,memory,"14:C/C,102:A/A,110:C/C,131:G/G,140:C/C,143:C/C,147:G/G,148:G/G,171:G/G,172:G/G",149.0,G/G
427,IGHV1-17*01,14107,0.195189573878,background,"14:C/C,102:A/A,110:C/C,131:G/G,140:C/C,143:C/C,147:G/G,148:G/G,171:G/G,172:G/G",149.0,G/G
428,IGHV1-17*01,14107,0.20213029160999998,stimulated,"14:C/C,102:A/A,110:C/C,131:G/G,140:C/C,143:C/C,147:G/G,148:G/G,171:G/G,172:G/G",149.0,G/G
429,IGHV1-17*01,14119,0.266738660907,memory,"14:C/C,102:A/A,110:C/C,131:G/G,140:C/C,143:C/C,147:G/G,148:G/G,171:G/G,172:G/G",149.0,G/G
430,IGHV1-17*01,14119,0.28758276280699996,background,"14:C/C,102:A/A,110:C/C,131:G/G,140:C/C,143:C/C,147:G/G,148:G/G,171:G/G,172:G/G",149.0,G/G
431,IGHV1-17*01,14119,0.278226219301,stimulated,"14:C/C,102:A/A,110:C/C,131:G/G,140:C/C,143:C/C,147:G/G,148:G/G,171:G/G,172:G/G",149.0,G/G
432,IGHV1-17*01,14177,0.189024390244,memory,"14:C/C,102:A/A,110:C/C,131:G/G,140:C/C,143:C/C,147:G/G,148:G/G,171:G/G,172:G/G",149.0,G/G
433,IGHV1-17*01,14177,0.18844590066300002,background,"14:C/C,102:A/A,110:C/C,131:G/G,140:C/C,143:C/C,147:G/G,148:G/G,171:G/G,172:G/G",149.0,G/G
434,IGHV1-17*01,14177,0.18070690734,stimulated,"14:C/C,102:A/A,110:C/C,131:G/G,140:C/C,143:C/C,147:G/G,148:G/G,171:G/G,172:G/G",149.0,G/G
435,IGHV1-17*01,14221,0.201257861635,memory,"14:C/C,102:A/A,110:C/C,131:G/G,140:C/C,143:C/C,147:G/G,148:G/G,171:G/G,172:G/G",149.0,G/G
436,IGHV1-17*01,14221,0.23188226629500003,background,"14:C/C,102:A/A,110:C/C,131:G/G,140:C/C,143:C/C,147:G/G,148:G/G,171:G/G,172:G/G",149.0,G/G
437,IGHV1-17*01,14221,0.219497143983,stimulated,"14:C/C,102:A/A,110:C/C,131:G/G,140:C/C,143:C/C,147:G/G,148:G/G,171:G/G,172:G/G",149.0,G/G
438,IGHV1-17*01,14313,0.22574796010899997,memory,"14:C/C,102:A/A,110:C/C,131:G/G,140:C/C,143:C/C,147:G/G,148:G/G,171:G/G,172:G/G",149.0,G/G
439,IGHV1-17*01,14313,0.24493982756700003,background,"14:C/C,102:A/A,110:C/C,131:G/G,140:C/C,143:C/C,147:G/G,148:G/G,171:G/G,172:G/G",149.0,G/G
440,IGHV1-17*01,14313,0.24865457143000003,stimulated,"14:C/C,102:A/A,110:C/C,131:G/G,140:C/C,143:C/C,147:G/G,148:G/G,171:G/G,172:G/G",149.0,G/G
441,IGHV1-17*01,14173,0.09990009990010001,memory,"14:C/C,102:A/A,110:A/A,131:G/G,140:G/G,143:T/T,147:G/G,148:A/A,171:G/G,172:G/G",149.0,A/A
442,IGHV1-17*01,14173,0.117133766412,background,"14:C/C,102:A/A,110:A/A,131:G/G,140:G/G,143:T/T,147:G/G,148:A/A,171:G/G,172:G/G",149.0,A/A
443,IGHV1-17*01,14173,0.115477860358,stimulated,"14:C/C,102:A/A,110:A/A,131:G/G,140:G/G,143:T/T,147:G/G,148:A/A,171:G/G,172:G/G",149.0,A/A
444,IGHV1-17*01,14199,0.195762711864,memory,"14:C/C,102:A/A,110:C/C,131:G/G,140:C/C,143:C/C,147:G/G,148:A/G,171:G/G,172:G/G",149.0,A/G
445,IGHV1-17*01,14199,0.21828978001,background,"14:C/C,102:A/A,110:C/C,131:G/G,140:C/C,143:C/C,147:G/G,148:A/G,171:G/G,172:G/G",149.0,A/G
446,IGHV1-17*01,14199,0.203932495224,stimulated,"14:C/C,102:A/A,110:C/C,131:G/G,140:C/C,143:C/C,147:G/G,148:A/G,171:G/G,172:G/G",149.0,A/G
447,IGHV1-17*01,14409,0.18211920529800002,memory,"14:C/C,102:A/A,110:C/C,131:G/G,140:C/C,143:C/C,147:G/G,148:G/G,171:G/G,172:G/G",149.0,G/G
448,IGHV1-17*01,14409,0.182339617566,background,"14:C/C,102:A/A,110:C/C,131:G/G,140:C/C,143:C/C,147:G/G,148:G/G,171:G/G,172:G/G",149.0,G/G
449,IGHV1-17*01,14409,0.189323437449,stimulated,"14:C/C,102:A/A,110:C/C,131:G/G,140:C/C,143:C/C,147:G/G,148:G/G,171:G/G,172:G/G",149.0,G/G
450,IGHV1-17*01,14393,0.196369636964,memory,"14:C/C,102:A/A,110:C/C,131:G/G,140:C/C,143:C/C,147:G/G,148:G/G,171:G/G,172:G/G",149.0,G/G
451,IGHV1-17*01,14393,0.2096924133,background,"14:C/C,102:A/A,110:C/C,131:G/G,140:C/C,143:C/C,147:G/G,148:G/G,171:G/G,172:G/G",149.0,G/G
452,IGHV1-17*01,14393,0.191889749183,stimulated,"14:C/C,102:A/A,110:C/C,131:G/G,140:C/C,143:C/C,147:G/G,148:G/G,171:G/G,172:G/G",149.0,G/G
453,IGHV1-17*01,14467,0.1735218509,memory,"14:C/C,102:A/A,110:C/C,131:G/G,140:C/C,143:C/C,147:G/G,148:G/G,171:G/G,172:G/G",149.0,G/G
454,IGHV1-17*01,14467,0.201155287516,background,"14:C/C,102:A/A,110:C/C,131:G/G,140:C/C,143:C/C,147:G/G,148:G/G,171:G/G,172:G/G",149.0,G/G
455,IGHV1-17*01,14467,0.20742150333,stimulated,"14:C/C,102:A/A,110:C/C,131:G/G,140:C/C,143:C/C,147:G/G,148:G/G,171:G/G,172:G/G",149.0,G/G
456,IGHV1-17*01,14225,0.179112008073,memory,"14:C/C,102:A/A,110:C/C,131:G/G,140:C/C,143:C/C,147:G/G,148:G/G,171:G/G,172:G/G",149.0,G/G
457,IGHV1-17*01,14225,0.21162045162,background,"14:C/C,102:A/A,110:C/C,131:G/G,140:C/C,143:C/C,147:G/G,148:G/G,171:G/G,172:G/G",149.0,G/G
458,IGHV1-17*01,14225,0.206854563957,stimulated,"14:C/C,102:A/A,110:C/C,131:G/G,140:C/C,143:C/C,147:G/G,148:G/G,171:G/G,172:G/G",149.0,G/G
459,IGHV1-17*01,14317,0.183014354067,memory,"14:C/C,102:A/A,110:C/C,131:G/G,140:C/G,143:C/T,147:G/G,148:A/G,171:G/G,172:G/G",149.0,A/G
460,IGHV1-17*01,14317,0.21025124220199998,background,"14:C/C,102:A/A,110:C/C,131:G/G,140:C/G,143:C/T,147:G/G,148:A/G,171:G/G,172:G/G",149.0,A/G
461,IGHV1-17*01,14317,0.204621426511,stimulated,"14:C/C,102:A/A,110:C/C,131:G/G,140:C/G,143:C/T,147:G/G,148:A/G,171:G/G,172:G/G",149.0,A/G
462,IGHV1-17*01,14379,0.20980926430500002,memory,"14:C/C,102:A/A,110:C/C,131:G/G,140:C/C,143:C/C,147:G/G,148:G/G,171:G/G,172:G/G",149.0,G/G
463,IGHV1-17*01,14379,0.207030802702,background,"14:C/C,102:A/A,110:C/C,131:G/G,140:C/C,143:C/C,147:G/G,148:G/G,171:G/G,172:G/G",149.0,G/G
464,IGHV1-17*01,14379,0.220630364828,stimulated,"14:C/C,102:A/A,110:C/C,131:G/G,140:C/C,143:C/C,147:G/G,148:G/G,171:G/G,172:G/G",149.0,G/G
465,IGHV1-17*01,14023,0.118705035971,memory,"14:C/C,102:A/A,110:A/A,131:G/G,140:G/G,143:T/T,147:G/G,148:A/A,171:G/G,172:G/G",149.0,A/A
466,IGHV1-17*01,14023,0.12624651455299998,background,"14:C/C,102:A/A,110:A/A,131:G/G,140:G/G,143:T/T,147:G/G,148:A/A,171:G/G,172:G/G",149.0,A/A
467,IGHV1-17*01,14023,0.121124405454,stimulated,"14:C/C,102:A/A,110:A/A,131:G/G,140:G/G,143:T/T,147:G/G,148:A/A,171:G/G,172:G/G",149.0,A/A
468,IGHV1-17*01,14195,0.21954674221,memory,"14:C/C,102:A/A,110:C/C,131:G/G,140:C/C,143:C/C,147:G/G,148:G/G,171:G/G,172:G/G",149.0,G/G
469,IGHV1-17*01,14195,0.210306791906,background,"14:C/C,102:A/A,110:C/C,131:G/G,140:C/C,143:C/C,147:G/G,148:G/G,171:G/G,172:G/G",149.0,G/G
470,IGHV1-17*01,14195,0.20370767273499998,stimulated,"14:C/C,102:A/A,110:C/C,131:G/G,140:C/C,143:C/C,147:G/G,148:G/G,171:G/G,172:G/G",149.0,G/G
471,IGHV1-17*01,14481,0.174850299401,memory,"14:C/C,102:A/A,110:C/C,131:G/G,140:C/C,143:C/C,147:G/G,148:G/G,171:G/G,172:G/G",149.0,G/G
472,IGHV1-17*01,14481,0.198706428602,background,"14:C/C,102:A/A,110:C/C,131:G/G,140:C/C,143:C/C,147:G/G,148:G/G,171:G/G,172:G/G",149.0,G/G
473,IGHV1-17*01,14481,0.20503544193700002,stimulated,"14:C/C,102:A/A,110:C/C,131:G/G,140:C/C,143:C/C,147:G/G,148:G/G,171:G/G,172:G/G",149.0,G/G
474,IGHV1-17*01,14375,0.0709793351303,memory,"14:C/C,102:A/A,110:C/C,131:T/T,140:G/G,143:T/T,147:G/G,148:A/A,171:G/G,172:G/G",149.0,A/A
475,IGHV1-17*01,14375,0.10820539002999999,background,"14:C/C,102:A/A,110:C/C,131:T/T,140:G/G,143:T/T,147:G/G,148:A/A,171:G/G,172:G/G",149.0,A/A
476,IGHV1-17*01,14375,0.10576348341700001,stimulated,"14:C/C,102:A/A,110:C/C,131:T/T,140:G/G,143:T/T,147:G/G,148:A/A,171:G/G,172:G/G",149.0,A/A
477,IGHV1-17*01,14405,0.166486486486,memory,"14:C/C,102:A/A,110:C/C,131:G/G,140:C/C,143:C/C,147:G/G,148:G/G,171:G/G,172:G/G",149.0,G/G
478,IGHV1-17*01,14405,0.190518446657,background,"14:C/C,102:A/A,110:C/C,131:G/G,140:C/C,143:C/C,147:G/G,148:G/G,171:G/G,172:G/G",149.0,G/G
479,IGHV1-17*01,14405,0.202228708927,stimulated,"14:C/C,102:A/A,110:C/C,131:G/G,140:C/C,143:C/C,147:G/G,148:G/G,171:G/G,172:G/G",149.0,G/G
480,IGHV1-17*01,14247,0.0655307994758,memory,"14:C/C,102:A/A,110:C/C,131:G/G,140:C/C,143:C/C,147:G/G,148:A/G,171:G/G,172:G/G",149.0,A/G
481,IGHV1-17*01,14247,0.104489205945,background,"14:C/C,102:A/A,110:C/C,131:G/G,140:C/C,143:C/C,147:G/G,148:A/G,171:G/G,172:G/G",149.0,A/G
482,IGHV1-17*01,14247,0.10686702727700001,stimulated,"14:C/C,102:A/A,110:C/C,131:G/G,140:C/C,143:C/C,147:G/G,148:A/G,171:G/G,172:G/G",149.0,A/G
483,IGHV1-17*01,14229,0.19137749737100002,memory,"14:C/C,102:A/A,110:C/C,131:G/G,140:C/G,143:C/T,147:G/G,148:A/G,171:G/G,172:G/G",149.0,A/G
484,IGHV1-17*01,14229,0.215414401429,background,"14:C/C,102:A/A,110:C/C,131:G/G,140:C/G,143:C/T,147:G/G,148:A/G,171:G/G,172:G/G",149.0,A/G
485,IGHV1-17*01,14229,0.21299620973000002,stimulated,"14:C/C,102:A/A,110:C/C,131:G/G,140:C/G,143:C/T,147:G/G,148:A/G,171:G/G,172:G/G",149.0,A/G
486,IGHV1-17*01,14027,0.193375547979,memory,"14:C/C,102:A/A,110:C/C,131:G/G,140:C/C,143:C/C,147:G/G,148:G/G,171:G/G,172:G/G",149.0,G/G
487,IGHV1-17*01,14027,0.217541265048,background,"14:C/C,102:A/A,110:C/C,131:G/G,140:C/C,143:C/C,147:G/G,148:G/G,171:G/G,172:G/G",149.0,G/G
488,IGHV1-17*01,14027,0.22183090274599998,stimulated,"14:C/C,102:A/A,110:C/C,131:G/G,140:C/C,143:C/C,147:G/G,148:G/G,171:G/G,172:G/G",149.0,G/G
489,IGHV1-17*01,14115,0.180637544274,memory,"14:C/C,102:A/A,110:C/C,131:G/G,140:C/C,143:C/C,147:G/G,148:G/G,171:G/G,172:G/G",149.0,G/G
490,IGHV1-17*01,14115,0.20310131718600002,background,"14:C/C,102:A/A,110:C/C,131:G/G,140:C/C,143:C/C,147:G/G,148:G/G,171:G/G,172:G/G",149.0,G/G
491,IGHV1-17*01,14115,0.209455815622,stimulated,"14:C/C,102:A/A,110:C/C,131:G/G,140:C/C,143:C/C,147:G/G,148:G/G,171:G/G,172:G/G",149.0,G/G
492,IGHV1-17*01,14371,0.185814185814,memory,"14:C/C,102:A/A,110:C/C,131:G/G,140:C/G,143:C/T,147:G/G,148:A/G,171:G/G,172:G/G",149.0,A/G
493,IGHV1-17*01,14371,0.218400625303,background,"14:C/C,102:A/A,110:C/C,131:G/G,140:C/G,143:C/T,147:G/G,148:A/G,171:G/G,172:G/G",149.0,A/G
494,IGHV1-17*01,14371,0.206940805031,stimulated,"14:C/C,102:A/A,110:C/C,131:G/G,140:C/G,143:C/T,147:G/G,148:A/G,171:G/G,172:G/G",149.0,A/G
495,IGHV1-17*01,14243,0.06494746895890001,memory,"14:C/C,102:A/A,110:C/C,131:G/G,140:C/C,143:C/C,147:G/G,148:A/G,171:G/G,172:G/G",149.0,A/G
496,IGHV1-17*01,14243,0.07737109698979999,background,"14:C/C,102:A/A,110:C/C,131:G/G,140:C/C,143:C/C,147:G/G,148:A/G,171:G/G,172:G/G",149.0,A/G
497,IGHV1-17*01,14243,0.0893257289905,stimulated,"14:C/C,102:A/A,110:C/C,131:G/G,140:C/C,143:C/C,147:G/G,148:A/G,171:G/G,172:G/G",149.0,A/G
